title,estimated_numbers,bid_results,awards
Asbestos & Environmental Term Consulting Services,[],[],"[{'firm_name': '2/13/2023', 'award_amt': 'H2M Architects + Engineers'}, {'firm_name': '2/13/2023', 'award_amt': 'Matrix New World Engineering Land'}, {'firm_name': '2/13/2023', 'award_amt': 'LiRo Engineers, Inc.'}, {'firm_name': '2/13/2023', 'award_amt': 'Delta Engineers, Architects, Land'}, {'firm_name': '2/13/2023', 'award_amt': 'STV A-R JV'}, {'firm_name': '2/13/2023', 'award_amt': 'C&S Engineers, Inc.'}, {'firm_name': '2/13/2023', 'award_amt': 'Watts Architecture & Engineering, D.P.C.'}, {'firm_name': '2/13/2023', 'award_amt': 'LaBella Associates, DPC'}, {'firm_name': '2/13/2023', 'award_amt': 'Langan Engineering, Environmental,'}, {'firm_name': '2/13/2023', 'award_amt': 'WSP USA Inc'}, {'firm_name': '2/13/2023', 'award_amt': 'TRC Engineers Incorporated'}, {'firm_name': '2/13/2023', 'award_amt': 'EnTech Engineering, PC'}, {'firm_name': '2/13/2023', 'award_amt': 'Lu Engineers'}]"
"Baruch College Furnish, Deliver and Install AV Equipment",[],"[{'company': 'Adwar Video', 'bid_amount': '$220,320.00'}, {'company': 'Mason Technologies, Inc', 'bid_amount': '$257,588.87'}]","[{'firm_name': 'Adwar Video', 'award_amt': '$207,636.84'}]"
Blanket Crime and Business Travel Accident Insurance Broker Services,[],"[{'company': 'Lee Risk Management', 'bid_amount': '$0.00'}, {'company': 'Gold River Insurance', 'bid_amount': '$0.00'}]","[{'firm_name': 'Lee Risk Management', 'award_amt': '$0.00'}]"
CUNY - Furnish and Deliver Tunable Laser System with UV Option,[],"[{'company': 'Opotek, LLC', 'bid_amount': '$69,308.00'}]","[{'firm_name': 'Opotek, LLC.', 'award_amt': '$69,308.00'}]"
"CUNY - Guttman CC - Furnish, Deliver and Install Audio and Video Equipment",[],"[{'company': 'Y&S Technologies', 'bid_amount': '$275,912.48'}, {'company': 'Technical Operations, Inc.', 'bid_amount': '$371,239.90'}, {'company': 'Edart GTI', 'bid_amount': '$380,142.00'}, {'company': 'Adwar Video', 'bid_amount': '$420,363.50'}]","[{'firm_name': 'Y and S Technologies', 'award_amt': '$277,493.48'}]"
CUNY - Lehman College Nursing Education Center - Furnish & Deliver Boom Lift,[],"[{'company': 'US Aerials & Equipment LLC', 'bid_amount': '$187,613.50'}, {'company': 'Complete Systems', 'bid_amount': '$150,000.00'}]","[{'firm_name': 'Complete Equipment Rentals LLC', 'award_amt': '$150,000.00'}]"
"CUNY Baruch College - Furnish and Deliver Boiler, Burner and Auxiliary Parts",[],"[{'company': 'Associated Boiler Line Equipment Co.', 'bid_amount': '$240,429.61'}]","[{'firm_name': 'Associated Boiler Line Equipment Co. Inc.', 'award_amt': '$199,790.51'}]"
CUNY Baruch College Upgrades to Natatorium,"[('The Project Estimated Cost Range is between $4,200,000', ['4,200,000'])]","[{'company': 'RK Contracting Inc.', 'bid_amount': '$3,750,000.00'}, {'company': 'Mc Gowan Builders, Inc.', 'bid_amount': '$3,985,389.00'}, {'company': 'Stalco Construction, Inc.', 'bid_amount': '$4,370,000.00'}, {'company': 'ACS System Associates, Inc.', 'bid_amount': '$4,475,000.00'}, {'company': 'Vanguard Construction and Development', 'bid_amount': '$4,476,016.00'}, {'company': 'Vernon Construction & Development', 'bid_amount': '$5,224,000.00'}, {'company': 'Fratello Construction', 'bid_amount': '$5,449,001.00'}, {'company': 'Inshalla Mechanical Corporation', 'bid_amount': '$5,670,000.00'}, {'company': 'Lo Sardo General Contractors, Inc.', 'bid_amount': '$5,747,000.00'}, {'company': 'Infinity Contracting Services, Corp.', 'bid_amount': '$5,826,000.00'}, {'company': 'Knightsbridge Construction Corp.', 'bid_amount': '$6,711,000.00'}, {'company': 'Lanmark Group, Inc.', 'bid_amount': '$7,365,000.00'}]","[{'firm_name': 'RK Contracting Inc.', 'award_amt': '$3,750,000.00'}]"
CUNY Bronx Community College Bronx Express Facilities and HAZMAT Abatement Rebid,[],"[{'company': 'Icon Const. Gr., Inc.', 'bid_amount': '$13,477,000.00'}, {'company': 'Cauldwell Wingate LLC', 'bid_amount': '$14,339,193.00'}, {'company': 'Vernon Construction & Development llc', 'bid_amount': '$14,574,000.00'}, {'company': 'Nagan Construction Inc.', 'bid_amount': '$14,690,000.00'}, {'company': 'Stalco Construction Inc.', 'bid_amount': '$14,745,000.00'}, {'company': 'Zaman Construction Corp.', 'bid_amount': '$14,760,000.00'}, {'company': 'Worth Construction Co Inc', 'bid_amount': '$15,312,000.00'}, {'company': 'TirCon, LLC', 'bid_amount': '$15,663,683.00'}, {'company': 'Fratello Construction Corp', 'bid_amount': '$15,933,000.00'}, {'company': 'Andron Construction Corporation', 'bid_amount': '$15,954,000.00'}, {'company': 'Constructomics LLC', 'bid_amount': '$16,490,000.00'}, {'company': 'Morganti Group, Inc.', 'bid_amount': '$16,617,012.00'}, {'company': 'CLS Project Solutions Inc', 'bid_amount': '$16,799,999.00'}, {'company': 'ASHNU International, Inc.', 'bid_amount': '$17,739,919.00'}, {'company': 'Iannelli Construction Co., Inc.', 'bid_amount': '$18,297,230.00'}, {'company': 'National Environmental Safety Co., Inc.', 'bid_amount': '$19,666,000.00'}, {'company': 'AWL Industries, Inc.', 'bid_amount': '$19,788,000.00'}, {'company': 'J&N Construction Group Corp.', 'bid_amount': '$20,706,820.00'}, {'company': 'Padilla Construction Services', 'bid_amount': '$23,971,753.47'}]","[{'firm_name': 'Cauldwell Wingate Company, LLC', 'award_amt': '$14,459,193.00'}]"
CUNY Bronx Community College Plaza & Façade Rehabilitation and Related Asbestos Abatement at New Hall (Small Business Concerns and Minority Business Concerns Only),[],"[{'company': 'KS Construction of NY Inc', 'bid_amount': '$1,985,118.00'}, {'company': 'I & A Renovation, Inc.', 'bid_amount': '$2,654,582.00'}, {'company': 'PB Contracting Corp.', 'bid_amount': '$2,690,000.00'}, {'company': 'Vernon Construction & Development llc', 'bid_amount': '$2,694,000.00'}, {'company': 'MINHAS General Contracting Co. LLC', 'bid_amount': '$2,998,861.00'}, {'company': 'Zaman Construction Corp.', 'bid_amount': '$3,258,452.00'}, {'company': 'Atlantic Specialty, Inc.', 'bid_amount': '$3,429,000.00'}, {'company': 'Fidelis Contracting, Inc.', 'bid_amount': '$3,830,000.00'}, {'company': 'Nagan Construction Inc.', 'bid_amount': '$3,835,000.00'}, {'company': 'CVM Construction Corp.', 'bid_amount': '$4,118,000.00'}, {'company': 'Padilla Construction Services', 'bid_amount': '$4,294,502.12'}, {'company': 'B N Restoration, Inc.', 'bid_amount': '$4,295,786.00'}, {'company': 'Sea Breeze General Construction Inc', 'bid_amount': '$4,407,000.00'}, {'company': 'Lanmark Group Inc', 'bid_amount': '$4,805,400.00'}]","[{'firm_name': 'I&A Renovation Inc', 'award_amt': '$2,654,582.00'}]"
CUNY Brooklyn College Underground Fuel Oil Storage Tank Replacement & Associated Asbestos Abatement,"[('Estimated Cost Range: $$11,304,952 - $12,494,947', ['11,304,952', '12,494,947'])]","[{'company': 'Aventura Construction Corp', 'bid_amount': '$11,497,857.00'}, {'company': 'R.J. Industries, Inc.', 'bid_amount': '$12,848,800.00'}, {'company': 'Iannelli Construction Co., Inc.', 'bid_amount': '$13,024,300.00'}, {'company': 'C & L Contracting Corp.', 'bid_amount': '$16,054,540.00'}, {'company': 'Dynamic US Inc', 'bid_amount': '$16,740,000.00'}, {'company': 'AKS International Inc.', 'bid_amount': '$16,790,000.00'}, {'company': 'Gemstar Construction Corporation', 'bid_amount': '$23,253,600.00'}]","[{'firm_name': 'Aventura Construction Corp.', 'award_amt': '$11,497,857.00'}]"
"CUNY Capital Projects - College of Staten Island - Furnish, Deliver and Install Audio-Visual Equipment",[],"[{'company': 'Adwar Video', 'bid_amount': '$729,586.62'}, {'company': 'JVN Systems', 'bid_amount': '$677,375.00'}, {'company': 'Edart GTI, Inc.', 'bid_amount': '$655,335.00'}]",[]
CUNY Capital Projects - Herbert H. Lehman College - Furnish and Deliver Operational Equipment,[],"[{'company': 'Intivity Inc.', 'bid_amount': '$84,271.30'}]","[{'firm_name': 'Intivity inc.', 'award_amt': '$84,271.30'}]"
CUNY City College of New York Aronow Theater Renovation and Associated Asbestos Abatement,[],"[{'company': 'Eastern General Contractors Inc.', 'bid_amount': '$5,226,875.00'}, {'company': 'Gryphon Construction Inc.', 'bid_amount': '$7,840,282.00'}, {'company': 'ACS System Associates, Inc.', 'bid_amount': '$8,675,000.00'}, {'company': 'Vernon Construction & Development LLC', 'bid_amount': '$8,794,000.00'}, {'company': 'Andron Construction Corporation', 'bid_amount': '$9,397,000.00'}, {'company': 'Cauldwell Wingate Company, LLC', 'bid_amount': '$9,442,790.00'}, {'company': 'LoSardo General Contractors, Inc.', 'bid_amount': '$9,488,000.00'}, {'company': 'Nagan Construction, Inc.', 'bid_amount': '$9,748,000.00'}, {'company': 'Cube Construction Services LLC', 'bid_amount': '$9,783,680.00'}, {'company': 'Fratello Construction Corp.', 'bid_amount': '$9,914,000.00'}, {'company': 'National Environmental Safety Company, Inc.', 'bid_amount': '$9,944,000.00'}, {'company': 'ARK Systems Electric Corp.', 'bid_amount': '$10,800,000.00'}, {'company': 'Stalco Construction, Inc.', 'bid_amount': '$10,990,000.00'}, {'company': 'Gem-Quality Corporation', 'bid_amount': '$11,846,675.00'}]","[{'firm_name': 'Gryphon Construction Inc.', 'award_amt': '$7,840,282.00'}]"
CUNY City College of New York Marshak Hall BIO Labs Renovation and Associated Asbestos Abatement,"[('Estimated Cost Range: $3 million to $3', ['3', '3'])]","[{'company': 'Cauldwell Wingate LLC', 'bid_amount': '$2,150,403.00'}, {'company': 'PB Contracting Corp.', 'bid_amount': '$2,781,000.00'}, {'company': 'Stalco Construction, Inc.', 'bid_amount': '$3,000,000.00'}, {'company': 'Constructomics LLC', 'bid_amount': '$3,120,000.00'}, {'company': 'Triton Construction', 'bid_amount': '$3,172,579.00'}, {'company': 'Worth Construction Co Inc', 'bid_amount': '$3,189,000.00'}, {'company': 'CLS Project Solutions Inc', 'bid_amount': '$3,220,000.00'}, {'company': 'SRR Holdings LLC', 'bid_amount': '$3,239,786.00'}, {'company': 'JEMCO Construction Corp.', 'bid_amount': '$3,258,643.00'}, {'company': 'I & A Renovation, Inc.', 'bid_amount': '$3,380,628.00'}, {'company': 'ACS System Associates, Inc.', 'bid_amount': '$3,395,000.00'}, {'company': 'Vernon Construction & Development llc', 'bid_amount': '$3,564,000.00'}, {'company': 'Gryphon Construction Inc.', 'bid_amount': '$3,564,270.00'}, {'company': 'CVM Construction Corp.', 'bid_amount': '$3,830,000.00'}, {'company': 'Lanmark Group Inc', 'bid_amount': '$4,215,000.00'}, {'company': 'Atlantic Specialty, Inc.', 'bid_amount': '$4,917,000.00'}, {'company': 'National Environmental Safety Co., Inc.', 'bid_amount': '$4,988,000.00'}]","[{'firm_name': 'Cauldwell Wingate LLC', 'award_amt': '$2,150,403.00'}]"
CUNY City College of New York Spitzer School of Architecture Fabrication Lab Renovation,"[('The project estimated value is between $1,600,000 and 1,800,000', ['1,600,000', '1,800,000'])]","[{'company': 'Construction Force Services, Inc.', 'bid_amount': '$1,335,849.00'}, {'company': 'Greenway USA, LLC', 'bid_amount': '$1,369,000.00'}, {'company': 'Gryphon Construction Inc.', 'bid_amount': '$1,523,436.00'}, {'company': 'Stalco Construction, Inc.', 'bid_amount': '$1,552,000.00'}, {'company': 'S & P Cosntruction Management, Inc.', 'bid_amount': '$1,568,000.00'}, {'company': ""Ruben's Group Inc"", 'bid_amount': '$1,599,200.00'}, {'company': 'PB Contracting Corp.', 'bid_amount': '$1,680,000.00'}, {'company': 'M&J Electrical Contractors Corp.', 'bid_amount': '$1,717,000.00'}, {'company': 'Vernon Construction & Development LLC', 'bid_amount': '$1,754,000.00'}, {'company': 'Saheet Construction Corp.', 'bid_amount': '$1,848,463.72'}, {'company': 'ACS System Associates, Inc.', 'bid_amount': '$1,965,000.00'}, {'company': 'Cube Construction Services LLC', 'bid_amount': '$2,020,775.00'}, {'company': 'Precision Group NYC Inc', 'bid_amount': '$2,838,170.00'}, {'company': 'Fidelis Contracting, Inc.', 'bid_amount': '$3,454,000.00'}]","[{'firm_name': 'Construction Force Services Inc.', 'award_amt': '$1,335,849.00'}]"
CUNY City College of New York Spitzer School of Architecture Roof Restoration,"[('Estimated cost of the project is in the range of $3', ['3'])]","[{'company': 'Probuildero Corp', 'bid_amount': '$2,987,000.00'}, {'company': 'PB Contracting Corp.', 'bid_amount': '$3,245,000.00'}, {'company': 'Musa Builder Corp.', 'bid_amount': '$3,416,365.00'}, {'company': 'VRex Construction Inc.', 'bid_amount': '$3,486,146.00'}, {'company': 'Avenue Contracting Inc.', 'bid_amount': '$3,894,000.00'}, {'company': 'A.B.C.D. Construction Corp.', 'bid_amount': '$3,968,874.00'}, {'company': 'Alliance Tri-State Construction, Inc.', 'bid_amount': '$4,544,250.00'}, {'company': 'Sea Breeze General Construction Inc', 'bid_amount': '$4,894,587.00'}, {'company': 'Oudaz General Contracting Inc', 'bid_amount': '$5,013,550.00'}, {'company': 'Atlantic Specialty, Inc.', 'bid_amount': '$5,964,925.00'}, {'company': 'Lanmark Group Inc', 'bid_amount': '$6,428,050.00'}, {'company': 'Fidelis Contracting, Inc.', 'bid_amount': '$7,576,000.00'}]","[{'firm_name': 'PB Contracting Corp.', 'award_amt': '$3,245,000.00'}]"
"CUNY City College of New York Wingate Hall Site Wall, Walk & Stair Reconstruction and HAZMAT Abatement","[('The project estimated construction value is $1 Million to $1', ['1', '1'])]","[{'company': 'Sanz Construction Inc.', 'bid_amount': '$1,098,000.00'}, {'company': 'RK Best Construction Inc.', 'bid_amount': '$1,100,786.00'}, {'company': 'N.B.A. Construction Inc.', 'bid_amount': '$1,245,786.00'}, {'company': 'Star Construction Industries Inc.', 'bid_amount': '$1,266,000.00'}, {'company': 'B N Restoration Inc.', 'bid_amount': '$1,295,786.00'}, {'company': 'Avenue Contracting Inc.', 'bid_amount': '$1,459,000.00'}, {'company': 'Madhu Construction Corporation', 'bid_amount': '$1,710,000.00'}, {'company': 'MDS Construction Management LLC', 'bid_amount': '$1,725,016.00'}, {'company': 'Fidelis Contracting Inc.', 'bid_amount': '$1,762,000.00'}, {'company': 'Cauldwell Wingate LLC', 'bid_amount': '$2,125,564.00'}, {'company': 'Atlantic Specialty Inc.', 'bid_amount': '$2,229,000.00'}, {'company': 'Olympic Contracting Corp.', 'bid_amount': '$2,254,000.00'}, {'company': 'Fratello Construction', 'bid_amount': '$3,969,000.00'}]","[{'firm_name': 'RK Best Construction Inc.', 'award_amt': '$1,100,786.00'}]"
CUNY College of Staten Island 4N Maker Space Lab Renovation and Hazmat Abatement,"[('The estimated construction cost is between $950,000 and 1,150,000', ['950,000', '1,150,000'])]","[{'company': 'Mammoth, Inc.', 'bid_amount': '$1,053,000.00'}, {'company': 'Sweet Group LLC', 'bid_amount': '$1,156,478.00'}, {'company': 'Saheet Construction Corp', 'bid_amount': '$1,268,952.52'}, {'company': 'M & J Electrical Contractors Corp.', 'bid_amount': '$1,287,000.00'}, {'company': 'United Force Construction Corp.', 'bid_amount': '$1,380,000.00'}, {'company': 'SRR Holdings LLC', 'bid_amount': '$1,448,786.00'}, {'company': 'Star Construction Industries Inc', 'bid_amount': '$1,449,786.00'}, {'company': 'JEMCO Electrical Contractors, Inc.', 'bid_amount': '$1,577,740.00'}, {'company': 'Fidelis Contracting, Inc.', 'bid_amount': '$1,645,000.00'}, {'company': 'DRL Services LLC', 'bid_amount': '$1,739,000.00'}, {'company': 'Magnetic Builders Group', 'bid_amount': '$1,795,520.00'}, {'company': 'Vital Plumbing, Inc.', 'bid_amount': '$1,995,500.00'}, {'company': 'Atlantic Specialty, Inc.', 'bid_amount': '$2,223,000.00'}, {'company': 'PB Contracting Corp.', 'bid_amount': '$2,490,000.00'}]","[{'firm_name': 'M & J Electrical Contractors Corp.', 'award_amt': '$1,287,000.00'}]"
CUNY College of Staten Island Athletic Field Reconstruction and Renovation: Phase II,"[('The estimated project value is between $12,000,000 and $12,500,000', ['12,000,000', '12,500,000'])]","[{'company': 'The LandTek Group, Inc.', 'bid_amount': '$5,973,500.00'}, {'company': 'Applied Landscape Technologies', 'bid_amount': '$8,222,368.00'}, {'company': 'Pro Con Group, Inc', 'bid_amount': '$9,626,150.00'}, {'company': 'JRCRUZ Corp.', 'bid_amount': '$9,788,823.00'}, {'company': 'Perfetto Contracting Co. Inc', 'bid_amount': '$11,062,935.00'}, {'company': 'D&S Restoration, Inc.', 'bid_amount': '$12,498,000.00'}, {'company': 'J. Pizzirusso Landscaping Corp', 'bid_amount': '$13,827,400.00'}, {'company': 'Lo Sardo General Contractors, Inc.', 'bid_amount': '$15,997,000.00'}]","[{'firm_name': 'Applied Landscape Technologies', 'award_amt': '$8,222,368.00'}]"
CUNY Eugenio Maria Hostos Community College 500 Grand Concourse Third Floor Renovation and Asbestos Abatement (Small Business Concerns and Minority Business Concerns Only),"[('Estimated Construction Cost Range: $8,200,000 to $9,200,000The Dormitory Authority of the State of New York\xa0 (“DASNY”) has determined that its interest in obtaining the best work at the lowest possible price, preventing favoritism, fraud and corruption, and other considerations such as the impact of delay, the possibility of cost savings advantages and any local history of labor unrest are best met by use of a Project Labor Agreement (“PLA”) on this Project', ['8,200,000', '9,200,'])]","[{'company': 'Constructomics LLC', 'bid_amount': '$8,597,716.00'}, {'company': 'Nagan Construction Inc.', 'bid_amount': '$9,585,000.00'}, {'company': 'Stalco Construction Inc.', 'bid_amount': '$9,765,000.00'}, {'company': 'ACS System Associates, Inc.', 'bid_amount': '$9,797,000.00'}, {'company': 'Lanmark Group Inc', 'bid_amount': '$11,000,000.00'}, {'company': 'Zaman Construction Corp.', 'bid_amount': '$12,609,300.00'}, {'company': 'National Environmental Safety Co., Inc.', 'bid_amount': '$13,555,000.00'}, {'company': 'Maven Construction Corp', 'bid_amount': '$19,902,706.00'}]","[{'firm_name': 'Constructomics, LLC', 'award_amt': '$8,597,716.00'}]"
CUNY Graduate Research & Technology Initiative - City College - Furnish and Deliver 3D printer,[],"[{'company': 'Blackstone Group of Construction Inc.', 'bid_amount': '$65,881.35'}, {'company': 'American Computer Consultants', 'bid_amount': '$66,279.43'}, {'company': 'S and K Contracting Inc.', 'bid_amount': '$66,939.09'}]","[{'firm_name': 'Blackstone Group of Construction', 'award_amt': '$57,549.00'}]"
CUNY Graduate School of Journalism- Furnish and Deliver Audio Visual Equipment.,[],"[{'company': 'B&H Photo', 'bid_amount': '$106,333.44'}, {'company': 'Adorama', 'bid_amount': '$117,657.46'}, {'company': 'Focus Camera LLC', 'bid_amount': '$158,584.74'}, {'company': 'E Logic', 'bid_amount': '$143,206.30'}, {'company': 'Rapid Response Technologies', 'bid_amount': '$132,186.91'}]","[{'firm_name': 'B&H Photo', 'award_amt': '$106,333.44'}]"
"CUNY Hunter College Emergency Power Study and Associated Asbestos Abatement in North, West, and East Buildings","[('Estimated contraction cost $4,000,000 to 4,500,000', ['4,000,000', '4,500,000'])]","[{'company': 'Fidelis Contracting, Inc.', 'bid_amount': '$3,965,000.00'}, {'company': 'Eldor Electric, LLC', 'bid_amount': '$4,439,000.00'}]","[{'firm_name': 'Fidelis Contracting, Inc.', 'award_amt': '$3,965,000'}]"
CUNY Hunter College West Building (Base Bid) and North Building (Alternate) Lecture Halls Upgrades and Associated Asbestos Abatement Rebid,"[('Estimated construction cost is $5,000,000 to $6,000,000', ['5,000,000', '6,000,000'])]","[{'company': 'Cauldwell Wingate Company LLC', 'bid_amount': '$2,970,821.00'}, {'company': 'Holt Construction Corporation', 'bid_amount': '$3,585,058.00'}, {'company': 'Vernon Construction & Development llc', 'bid_amount': '$3,624,000.00'}, {'company': 'ACS System Associates, Inc.', 'bid_amount': '$3,695,000.00'}, {'company': 'Constructomics LLC', 'bid_amount': '$4,985,000.00'}, {'company': 'Cube Construction Services, LLC', 'bid_amount': '$5,051,003.00'}, {'company': 'National Environmental Safety Co., Inc.', 'bid_amount': '$6,500,000.00'}, {'company': 'Empire Control Abatement Inc.', 'bid_amount': '$7,021,000.00'}]","[{'firm_name': 'Cauldwell Wingate Company, LLC', 'award_amt': '$5,404,548.00'}]"
CUNY John Jay College of Criminal Justice Haaren Hall Digital Creation Lab,"[('Estimated Construction Cost: $2', ['2'])]","[{'company': 'Lindi Construction Group Inc.', 'bid_amount': '$1,786,000.00'}, {'company': 'Vernon Construction & Development llc', 'bid_amount': '$1,824,000.00'}, {'company': 'Constructomics LLC', 'bid_amount': '$1,894,000.00'}, {'company': 'Stalco Construction Inc.', 'bid_amount': '$1,929,000.00'}, {'company': 'Saheet Construction Corp', 'bid_amount': '$2,020,232.20'}, {'company': 'Empire Control Abatement Inc.', 'bid_amount': '$2,106,000.00'}, {'company': 'Cube Construction Services, LLC', 'bid_amount': '$2,158,970.00'}, {'company': 'Star Construction Industries Inc', 'bid_amount': '$2,183,000.00'}, {'company': 'Euro Castle Construction Corp.', 'bid_amount': '$2,186,246.00'}, {'company': 'Minhas Construction Corp.', 'bid_amount': '$2,300,157.00'}, {'company': 'ACS System Associates, Inc.', 'bid_amount': '$2,335,000.00'}, {'company': 'B&B Contracting Group, LLC', 'bid_amount': '$2,349,325.00'}, {'company': 'JEMCO Electrical Contractors, Inc.', 'bid_amount': '$2,387,548.00'}, {'company': 'Oudaz General Contracting Inc', 'bid_amount': '$2,733,000.00'}, {'company': 'National Environmental Safety Co., Inc.', 'bid_amount': '$2,777,000.00'}, {'company': 'United Force Construction Corp.', 'bid_amount': '$2,938,000.00'}, {'company': 'Atlantic Specialty, Inc.', 'bid_amount': '$3,342,000.00'}]","[{'firm_name': 'Lindi Construction Group Inc.', 'award_amt': '$1,786,000.00'}]"
CUNY LaGuardia Community College Collateral Moves with Associated Asbestos Abatement,[],"[{'company': 'Holt Construction', 'bid_amount': '$8,069,838.15'}, {'company': 'Vernon Construction & Development', 'bid_amount': '$8,864,000.00'}, {'company': 'Stalco Construction Inc.', 'bid_amount': '$9,275,000.00'}, {'company': 'Cauldwell Wingate LLC', 'bid_amount': '$9,662,203.00'}, {'company': 'ACS System Associates Inc.', 'bid_amount': '$9,975,000.00'}, {'company': 'A.K.S. International Inc.', 'bid_amount': '$10,190,000.00'}, {'company': 'Navillus Contracting', 'bid_amount': '$10,365,000.00'}, {'company': 'Asnhu International Inc.', 'bid_amount': '$10,479,919.00'}, {'company': 'Nagan Construction Inc.', 'bid_amount': '$10,550,000.00'}, {'company': 'Fratello Construction', 'bid_amount': '$10,869,000.00'}, {'company': 'Cube Construction Services LLC', 'bid_amount': '$11,103,179.00'}, {'company': 'CVM Construction Corp.', 'bid_amount': '$11,330,000.00'}, {'company': 'National Environmental Safety Company Inc.', 'bid_amount': '$11,333,000.00'}, {'company': 'Gryphon Construction Inc.', 'bid_amount': '$11,369,114.00'}, {'company': 'Empire Control Abatement Inc.', 'bid_amount': '$11,592,000.00'}, {'company': 'Infinity Contracting Services Corp.', 'bid_amount': '$11,866,000.00'}, {'company': 'Lo Sardo Genral Contractors Inc.', 'bid_amount': '$14,740,000.00'}]","[{'firm_name': 'Holt Construction Corp.', 'award_amt': '$8,069,838.15'}]"
CUNY Lehman College Davis Hall and Gillet Hall Roof Cover Replacement and Asbestos Abatement Rebid,"[('Estimated Construction Cost: $6', ['6'])]","[{'company': 'Prograde Construction Inc', 'bid_amount': '$5,548,800.00'}, {'company': 'KS Construction of NY Inc', 'bid_amount': '$5,825,400.00'}, {'company': 'Avenue Contracting Inc.', 'bid_amount': '$5,985,000.00'}, {'company': 'CLS Project Solutions Inc', 'bid_amount': '$6,370,000.00'}, {'company': 'Musa Builder Corp.', 'bid_amount': '$6,834,326.00'}, {'company': 'Vikrant Contracting & Builders Inc.', 'bid_amount': '$6,868,426.00'}, {'company': 'PB Contracting Corp.', 'bid_amount': '$6,870,500.00'}, {'company': 'Metropolitan Construction Corp', 'bid_amount': '$7,056,796.00'}, {'company': 'Singh Landscaping & Lawn Sprinkler Corp.', 'bid_amount': '$7,150,000.00'}, {'company': 'Sea Breeze General Construction, Inc.', 'bid_amount': '$8,117,000.00'}, {'company': 'Nicholson & Galloway, Inc.', 'bid_amount': '$9,490,100.00'}, {'company': 'Constructomics LLC', 'bid_amount': '$11,532,694.00'}]","[{'firm_name': 'PB Contracting Corp.', 'award_amt': '$6,870,500.00'}]"
"CUNY Lehman College Shuster Hall, Fine Arts Building, and Entry Link Façade Restoration and Associated HAZMAT Removal",[],"[{'company': 'Modern Services Solutions Inc', 'bid_amount': '$6,167,738.00'}, {'company': 'CLS Project Solutions Inc', 'bid_amount': '$8,199,999.00'}, {'company': 'Zaman Construction Corp.', 'bid_amount': '$8,663,014.00'}, {'company': 'PB Contracting Corp.', 'bid_amount': '$8,745,000.00'}, {'company': 'Granite Environmental, LLC.', 'bid_amount': '$8,956,392.00'}, {'company': 'Metropolitan Construction Corp', 'bid_amount': '$9,295,806.41'}, {'company': 'B N Restoration, Inc.', 'bid_amount': '$10,879,786.00'}, {'company': 'Sharan Builders Inc', 'bid_amount': '$11,126,638.10'}, {'company': 'Sea Breeze General Construction Inc', 'bid_amount': '$11,472,181.00'}, {'company': 'Padilla Construction Services', 'bid_amount': '$13,775,412.00'}, {'company': 'Lo Sardo General Contractors, Inc.', 'bid_amount': '$14,118,901.00'}]","[{'firm_name': 'CLS Project Solutions, Inc.', 'award_amt': '$8,212,499.00'}]"
CUNY New York City College of Technology – Namm Complex Plaza Upgrade,"[('Construction base bid estimated at $5,500,000 to $6,000,000', ['5,500,000', '6,000,000'])]","[{'company': 'J M & A Construction Corp.', 'bid_amount': '$4,586,000.00'}, {'company': 'PB Contracting Corp.', 'bid_amount': '$4,695,658.00'}, {'company': 'ZHN Contracting Corporation', 'bid_amount': '$4,728,555.55'}, {'company': 'Pro Metal Construction, Inc.', 'bid_amount': '$4,887,023.00'}, {'company': 'SRR Holdings LLC', 'bid_amount': '$4,933,014.00'}, {'company': 'LoSardo General Contractors, Inc.', 'bid_amount': '$5,193,000.00'}, {'company': 'Avenue Contracting Inc.', 'bid_amount': '$5,523,000.00'}, {'company': 'CLS Project Solutions Inc.', 'bid_amount': '$5,586,932.00'}, {'company': 'Zaman Construction Corp.', 'bid_amount': '$5,868,388.00'}, {'company': 'Cube Constrution Services LLC', 'bid_amount': '$6,249,746.00'}, {'company': 'Alliance Tri-State Construction Inc.', 'bid_amount': '$6,336,720.00'}, {'company': 'C & L Contracting Corp.', 'bid_amount': '$6,974,836.00'}, {'company': 'Padilla Construction Services Inc.', 'bid_amount': '$7,363,715.00'}, {'company': 'Sea Breeze General Construction, Inc.', 'bid_amount': '$8,197,900.00'}, {'company': 'Lanmark Group, Inc.', 'bid_amount': '$9,133,080.00'}]","[{'firm_name': 'J M & A Construction Corp.', 'award_amt': '$4,586,000.00'}]"
CUNY New York City College of Technology Namm Building New UPS for Server Room,"[('Construction base bid estimated at $800,000 to $850,000', ['800,000', '850,000'])]","[{'company': 'City Grid Electric Corp', 'bid_amount': '$734,964.00'}, {'company': 'Jemco Electrical Contractors, Inc.', 'bid_amount': '$837,000.00'}, {'company': 'Eldor Electric, LLC.', 'bid_amount': '$919,000.00'}, {'company': 'M&J Electrical Contractors Corp.', 'bid_amount': '$973,000.00'}, {'company': 'Mac Fhionnghaile & Sons Electrical Contracting Inc.', 'bid_amount': '$1,333,000.77'}, {'company': 'Gilston Electrical Contracting LLC', 'bid_amount': '$1,700,000.00'}]","[{'firm_name': 'Jemco Electrical Contractors, Inc.', 'award_amt': '$837,000.00'}]"
CUNY Queens College Remsen Hall Chemistry Lab and Science Building Environmental Lab & Associated Asbestos Abatement,[],"[{'company': 'Cauldwell Wingate Company LLC', 'bid_amount': '$4,130,621.00'}, {'company': 'Holt Construction Corporation', 'bid_amount': '$4,224,365.38'}, {'company': 'Vernon Construction & Development LLC', 'bid_amount': '$4,324,000.00'}, {'company': 'Gryphon Construction Inc.', 'bid_amount': '$4,540,856.00'}, {'company': 'Vanguard Construction & Development Co', 'bid_amount': '$4,588,230.00'}, {'company': 'Maric Mechanical, Inc.', 'bid_amount': '$4,632,000.00'}, {'company': 'SRR Holdings LLC', 'bid_amount': '$4,678,786.00'}, {'company': 'Oudaz General Contracting Inc', 'bid_amount': '$5,080,000.00'}, {'company': 'Stalco Construction Inc.', 'bid_amount': '$5,080,000.00'}, {'company': 'Empire Control Abatement Inc.', 'bid_amount': '$5,130,000.00'}, {'company': 'Fidelis Contracting, Inc.', 'bid_amount': '$5,457,000.00'}, {'company': 'PB Contracting Corp.', 'bid_amount': '$5,490,000.00'}, {'company': 'Constructomics LLC', 'bid_amount': '$5,495,000.00'}, {'company': 'Cube Construction Services, LLC', 'bid_amount': '$5,726,615.00'}, {'company': 'ACS System Associates, Inc.', 'bid_amount': '$5,795,000.00'}, {'company': 'Nagan Construction Inc.', 'bid_amount': '$5,825,000.00'}, {'company': 'M & J Electrical Contractors Corp.', 'bid_amount': '$6,387,000.00'}, {'company': 'Infinity Contracting Services Corp', 'bid_amount': '$6,516,000.00'}, {'company': 'Atlantic Specialty, Inc.', 'bid_amount': '$6,969,000.00'}]","[{'firm_name': 'Cauldwell Wingate Company, LLC', 'award_amt': '$4,130,621.00'}]"
CUNY Queensborough Community College Kurt Schmeller Library ADA Bathroom Reconstruction & Associated Asbestos Abatement,"[('The construction cost estimated range is between $2,900,000 and $3,000,000', ['2,900,000', '3,000,000'])]","[{'company': 'Vernon Construction & Development LLC', 'bid_amount': '$2,884,000.00'}, {'company': 'TM Construction Group LLC', 'bid_amount': '$2,968,245.00'}, {'company': 'Nagan Construction, Inc.', 'bid_amount': '$3,090,000.00'}, {'company': 'Empire Control Abatement, Inc.', 'bid_amount': '$3,114,000.00'}, {'company': 'Gryphon Construction Inc.', 'bid_amount': '$3,172,572.00'}, {'company': 'CLS Project Solutions LLC.', 'bid_amount': '$3,372,553.00'}, {'company': 'SRR Holdings, LLC.', 'bid_amount': '$3,435,785.00'}, {'company': 'Constructomics, LLC.', 'bid_amount': '$3,498,000.00'}, {'company': 'Star Construction Industries Inc.', 'bid_amount': '$3,453,000.00'}, {'company': 'Stalco Construction Inc.', 'bid_amount': '$3,544,000.00'}, {'company': 'ACS System Associates, Inc.', 'bid_amount': '$3,595,000.00'}, {'company': 'M&J Electrical Contractors Corp.', 'bid_amount': '$3,637,000.00'}, {'company': 'United Force Construction, Corp.', 'bid_amount': '$3,740,000.00'}, {'company': 'Fidelis Contracting, Inc.', 'bid_amount': '$3,742,000.00'}, {'company': 'Attri Entrprises, Inc.', 'bid_amount': '$3,789,727.00'}, {'company': 'Vital Plumbing, Inc.', 'bid_amount': '$3,993,333.00'}, {'company': 'Atlantic Specialty Inc.', 'bid_amount': '$4,247,000.00'}, {'company': 'Cube Construction Services LLC', 'bid_amount': '$4,522,379.00'}, {'company': 'National Environmental Safety Company, Inc.', 'bid_amount': '$4,777,000.00'}]","[{'firm_name': 'Vernon Construction & Development LLC', 'award_amt': '$2,884,000.00'}]"
CUNY Queensborough Community College Phase 2 Courtyard Enclosure and Expansion of Food Services & Asbestos Abatement Rebid,"[('Estimated Construction Cost: -$14,000,000 - $15,000,000The Dormitory Authority of the State of New York\xa0 (“DASNY”) has determined that its interest in obtaining the best work at the lowest possible price, preventing favoritism, fraud and corruption, and other considerations such as the impact of delay, the possibility of cost savings advantages and any local history of labor unrest are best met by use of a Project Labor Agreement (“PLA”) on this Project', ['14,000,000', '15,000,'])]","[{'company': 'Tircon Construction, LLC', 'bid_amount': '$15,360,000.00'}, {'company': 'Nagan Construction Inc.', 'bid_amount': '$16,950,000.00'}, {'company': 'CLS Project Solutions Inc', 'bid_amount': '$16,980,000.00'}, {'company': 'Constructomics LLC', 'bid_amount': '$17,319,000.00'}, {'company': 'Morganti Group, Inc.', 'bid_amount': '$18,036,374.00'}, {'company': 'AWL Industries, Inc.', 'bid_amount': '$18,388,000.00'}, {'company': 'Citnalta Construction Corp.', 'bid_amount': '$18,451,000.00'}, {'company': 'Vernon Construction & Development llc', 'bid_amount': '$18,474,000.00'}, {'company': 'Fratello Construction Corp', 'bid_amount': '$18,569,000.00'}, {'company': 'JEMCO Electrical Contractors, Inc.', 'bid_amount': '$18,923,232.00'}, {'company': 'Cauldwell Wingate LLC', 'bid_amount': '$19,186,117.00'}, {'company': 'Zaman Construction Corp.', 'bid_amount': '$19,538,498.00'}, {'company': 'Iannelli Construction Co., Inc.', 'bid_amount': '$19,892,000.00'}, {'company': 'National Environmental Safety Co., Inc.', 'bid_amount': '$20,777,000.00'}]","[{'firm_name': 'Nagan Construction Inc.', 'award_amt': '$16,950,000.00'}]"
CUNY York College Scoreboard & Security Booth Replacement and Asbestos Abatement (Small Business Concerns and Minority Business Concerns Only),"[('Estimated Construction Cost: $1,700,000 to $1,750,000The Dormitory Authority of the State of New York\xa0 (“DASNY”) has determined that its interest in obtaining the best work at the lowest possible price, preventing favoritism, fraud and corruption, and other considerations such as the impact of delay, the possibility of cost savings advantages and any local history of labor unrest are best met by use of a Project Labor Agreement (“PLA”) on this Project', ['1,700,000', '1,750,'])]","[{'company': 'Fidelis Contracting, Inc', 'bid_amount': '$1,678,000.00'}, {'company': 'Arora Construction Inc.', 'bid_amount': '$1,747,457.00'}, {'company': 'Technomen NY Inc.', 'bid_amount': '$1,850,000.00'}, {'company': 'United Force Construction, Corp.', 'bid_amount': '$1,980,000.00'}, {'company': 'Lanmark Group Inc.', 'bid_amount': '$2,995,000.00'}]","[{'firm_name': 'Fidelis Contracting, Inc', 'award_amt': '$1,678,000.00'}]"
CUNY York College Small Business Concerns and Minority Business Concerns only Health and Physical Education Complex (HPEC) ADA Toilet Upgrade,"[('The construction cost is estimated between $3,500,000 and $5,000,000', ['3,500,000', '5,000,000'])]","[{'company': 'Bluestone Developers Inc', 'bid_amount': '$2,973,166.57'}, {'company': 'Saheet Construction Corp', 'bid_amount': '$3,508,647.69'}, {'company': 'Vernon Construction & Development llc', 'bid_amount': '$4,684,000.00'}, {'company': 'Oudaz General Contracting Inc', 'bid_amount': '$4,898,000.00'}, {'company': 'Empire Control Abatement, Inc.', 'bid_amount': '$4,905,000.00'}, {'company': 'Gryphon Construction Inc.', 'bid_amount': '$4,934,092.00'}, {'company': 'VRex Construction Inc.', 'bid_amount': '$4,985,943.00'}, {'company': 'Five Star Contracting Companies Inc.', 'bid_amount': '$5,200,000.00'}, {'company': 'Fidelis Contracting, Inc.', 'bid_amount': '$5,265,000.00'}, {'company': 'SRR Holdings LLC', 'bid_amount': '$5,328,786.00'}, {'company': 'United Force Construction Corp.', 'bid_amount': '$5,380,000.00'}, {'company': 'ACS System Associates, Inc.', 'bid_amount': '$5,395,000.00'}, {'company': 'Atlantic Specialty, Inc.', 'bid_amount': '$5,678,000.00'}, {'company': 'PB Contracting Corp.', 'bid_amount': '$5,790,000.00'}, {'company': 'Constructomics LLC', 'bid_amount': '$5,886,530.00'}, {'company': 'Attri Enterprises, Inc.', 'bid_amount': '$6,727,000.00'}, {'company': 'Cube Construction Services, LLC', 'bid_amount': '$6,766,799.00'}, {'company': 'CVM Construction Corp.', 'bid_amount': '$6,900,000.00'}, {'company': 'Olympic Contracting Corp.', 'bid_amount': '$7,396,000.00'}, {'company': 'National Environmental Safety Co., Inc.', 'bid_amount': '$7,588,000.00'}]","[{'firm_name': 'Bluestone Developers, Inc.', 'award_amt': '$2,973,166.57'}]"
"Capital District Youth Center - Furnish, Deliver & Install Security/Surveillance Equipment",[],"[{'company': 'Acture Solutions', 'bid_amount': '$335,202.25'}]","[{'firm_name': 'Acture Solutions, Inc.', 'award_amt': '$335,202.25'}]"
"Central New York Psychiatric Center - Furnish, Deliver and Install Modular Homes",[],"[{'company': 'American Homes', 'bid_amount': '$634,990.00'}, {'company': 'Rising Star Infratech Corp', 'bid_amount': '$1,059,500.00'}]","[{'firm_name': 'American Homes', 'award_amt': '$634,990.00'}]"
City University of New York Kingsborough Community College Building P Cooling Tower Catwalk Replacement,"[('Estimated Cost Range: $200,00 to $250,000A complete set of Contract Documents may be viewed and/or purchased online from Camelot Print and Copy Centers', ['200,00', '250,'])]","[{'company': 'PB Contracting Corp.', 'bid_amount': '$165,000.00'}, {'company': 'Sky Heights Construction Corp', 'bid_amount': '$279,786.00'}, {'company': 'Construction Force Services, Inc.', 'bid_amount': '$311,398.00'}, {'company': 'TDI Construction Inc.', 'bid_amount': '$351,000.00'}, {'company': 'United Force Construction Corp.', 'bid_amount': '$690,000.00'}]","[{'firm_name': 'PB Contracting Corp.', 'award_amt': '$165,000.00'}]"
City University of New York at Baruch College Elevator Lobby Modernization,[],"[{'company': 'I & A Renovation, Inc.', 'bid_amount': '$1,867,000.00'}, {'company': 'PB Contracting Corp.', 'bid_amount': '$1,982,392.00'}, {'company': 'Holt Construction Corporation', 'bid_amount': '$2,091,404.00'}, {'company': 'SRR Holdings LLC', 'bid_amount': '$2,375,786.00'}, {'company': 'Magnetic Builders Group', 'bid_amount': '$2,477,293.00'}, {'company': 'Greenway USA LLC', 'bid_amount': '$2,479,584.00'}, {'company': 'Cauldwell Wingate LLC', 'bid_amount': '$2,814,055.00'}, {'company': 'Stalco Construction Inc.', 'bid_amount': '$2,831,000.00'}, {'company': 'United Force Construction Corp.', 'bid_amount': '$3,720,000.00'}]","[{'firm_name': 'I&A Renovation Inc', 'award_amt': '$1,867,000.00'}]"
Commissioning Services,[],[],"[{'firm_name': '3/4/2024', 'award_amt': 'Trinity Consultants Inc dba Working'}]"
Construction Site Safety Services,[],[],"[{'firm_name': '4/1/2022', 'award_amt': 'Haylor Freyer & Coon Inc.'}, {'firm_name': '4/1/2022', 'award_amt': 'Infinite Consulting Corp'}]"
DASNY -Headhunter Services,[],"[{'company': 'Dan CM Consulting', 'bid_amount': '18%'}, {'company': 'PnP Staffing Group', 'bid_amount': 'Non-Responsive'}, {'company': 'Walrath Recruiting', 'bid_amount': '25%'}]","[{'firm_name': 'Dan CM Consulting', 'award_amt': ''}]"
DASNY - Furnish and deliver appliances to various locations throughout New York State,[],"[{'company': 'HOUSE 4 GENS LLC', 'bid_amount': '$5,799.00'}, {'company': 'Sam Tell & Sons Inc.', 'bid_amount': '$7,110.47'}]","[{'firm_name': 'Sam Tell & Sons Inc.', 'award_amt': '$7,110.47'}, {'firm_name': 'House4Gens LLC', 'award_amt': '$5,799.00'}]"
DASNY - Microsoft Dynamics 365 Implementation Services & Managed Services,[],"[{'company': 'HSO Enterprise Solutions , LLC', 'bid_amount': '$1,699,326.00'}, {'company': 'Crowe LLP', 'bid_amount': '$1,846,000.00'}, {'company': 'Accenture', 'bid_amount': '$6,786,773.00'}]","[{'firm_name': 'HSO Enterprise Solutions, LLC', 'award_amt': '$1,699,326.00'}]"
Design-Build Services for Retail Cannabis Dispensaries,[],[],"[{'firm_name': '3/20/2023', 'award_amt': 'AOW Construction LLC'}, {'firm_name': '3/20/2023', 'award_amt': 'ES Development & Management Corporation'}, {'firm_name': '3/20/2023', 'award_amt': 'Forte Construction Corp'}, {'firm_name': '3/20/2023', 'award_amt': 'Grow America Builders, LLC'}, {'firm_name': '3/20/2023', 'award_amt': 'Murnane Building Contractors'}, {'firm_name': '3/20/2023', 'award_amt': 'SEI Design Group Architects, DPC'}, {'firm_name': '4/17/2023', 'award_amt': 'SALT Construction Management, Inc.'}, {'firm_name': '3/30/2023', 'award_amt': 'Temeka Group'}]"
"Furnish, Deliver and Install Signage",[],"[{'company': 'Big Apple Visual Group', 'bid_amount': '$339,972.00'}, {'company': 'Visual Graphics Systems Inc.', 'bid_amount': '$539,468.12'}, {'company': 'ASI', 'bid_amount': '$246,636.77'}, {'company': 'Cueva Contract Inc. dba Interior', 'bid_amount': '$710,723.49'}, {'company': 'American Signcrafters Inc.', 'bid_amount': '$696,554.39'}, {'company': 'MS Signs Inc.', 'bid_amount': '$603,406.00'}, {'company': 'Where To Get It Services', 'bid_amount': '$525,300.00'}, {'company': 'Where To Get It Services', 'bid_amount': '$1,236,000.00'}, {'company': 'The Signworks', 'bid_amount': '$329,850.00'}, {'company': 'The Signworks', 'bid_amount': '$329,850.00'}, {'company': 'GDS Signs', 'bid_amount': '$280,434.85'}, {'company': 'Allied Signage Corporation', 'bid_amount': '$414,360.00'}]","[{'firm_name': 'Grafton Data Systems dba GDS', 'award_amt': '$297,870.16'}]"
Furnish and Deliver Telescopic Boom Lift,[],"[{'company': 'Evergreen Services', 'bid_amount': '$165,950.00'}, {'company': 'Renteq Rental Equipment LLC', 'bid_amount': '$167,741.00'}]","[{'firm_name': 'William Phelan dba Evergreen Specialty', 'award_amt': '$165,950.00'}]"
"Job Order Contracting Regions 1, 2, 3, 4, 5, 6, 6 & 7, 7, 8, 9, and 10",[],"[{'company': 'Harry Construction Group Corp.', 'bid_amount': '0.9213'}, {'company': 'Volmar Construction, Inc.', 'bid_amount': '0.9264'}, {'company': 'DIA General Construction, Inc.', 'bid_amount': '0.9554'}, {'company': 'CVM Construction Corp.', 'bid_amount': '1.0521'}, {'company': 'Pro Con Group, Inc.', 'bid_amount': '1.0994'}, {'company': 'Avenue Contracting Inc.', 'bid_amount': '1.1914'}, {'company': 'Geomatrix Services, Inc.', 'bid_amount': '1.2150'}, {'company': 'J.W.P. Corp', 'bid_amount': '1.3445'}, {'company': 'Jemco Electrical Contractors, inc.', 'bid_amount': '1.4869'}, {'company': 'Palace Electrical Contractors Inc.', 'bid_amount': '1.0246'}, {'company': 'Mac Fhionnghaile & Sond Electrical Contracting Inc.', 'bid_amount': '1.2795'}, {'company': 'Jemco Electrical Contractors, inc.', 'bid_amount': '1.5316'}, {'company': 'Apex Development', 'bid_amount': '1.3000'}, {'company': 'Volmar Construction, Inc.', 'bid_amount': '0.8919'}, {'company': 'DIA General Construction, Inc.', 'bid_amount': '0.9121'}, {'company': 'CVM Construction Corp.', 'bid_amount': '1.0159'}, {'company': 'Hibuild LLC', 'bid_amount': '1.0180'}, {'company': 'Pro Con Group, Inc.', 'bid_amount': '1.0855'}, {'company': 'Harry Construction Group Corp.', 'bid_amount': '1.1132'}, {'company': 'MDS Construction Management LLC', 'bid_amount': '1.1616'}, {'company': 'Avenue Contracting Inc.', 'bid_amount': '1.1624'}, {'company': 'Palace Electrical Contractors Inc.', 'bid_amount': '1.0000'}, {'company': 'Apex Development', 'bid_amount': '1.3000'}, {'company': 'DIA General Construction, Inc.', 'bid_amount': '0.9121'}, {'company': 'Avenue Contracting Inc.', 'bid_amount': '1.1726'}, {'company': 'Volmar Construction, Inc.', 'bid_amount': '1.2114'}, {'company': 'MDS Construction Management LLC', 'bid_amount': '1.3320'}, {'company': 'Geomatrix Services, Inc.', 'bid_amount': '1.3494'}, {'company': 'DiGesare Mechanical Incorporated', 'bid_amount': '1.4581'}, {'company': 'DiGesare Mechanical Incorporated', 'bid_amount': '1.4581'}, {'company': 'Abscope Environmental, Inc.', 'bid_amount': '1.7110'}, {'company': 'Ontario HVAC Solutions, Inc.', 'bid_amount': '1.2790'}, {'company': 'Abscope Environmental, Inc.', 'bid_amount': '1.6358'}, {'company': 'Ontario HVAC Solutions, Inc.', 'bid_amount': '1.2699'}, {'company': 'HMI Mechanical Systems Inc.', 'bid_amount': '1.2945'}, {'company': 'Aventus NV, Inc.', 'bid_amount': '1.3935'}, {'company': 'Ontario HVAC Solutions, Inc.', 'bid_amount': '1.2535'}, {'company': 'HMI Mechanical Systems Inc.', 'bid_amount': '1.2945'}, {'company': 'Industrial Power & Lighting Corp.', 'bid_amount': '1.4380'}, {'company': 'Ontario HVAC Solutions, Inc.', 'bid_amount': '1.3099'}, {'company': 'Ontario HVAC Solutions, Inc.', 'bid_amount': '1.2990'}]","[{'firm_name': 'Harry Construction Group Corp.', 'award_amt': '0.9213'}, {'firm_name': 'Mac Fhionnghaile & Sond Electrical Contracting Inc.', 'award_amt': '1.2795'}, {'firm_name': 'Volmar Construction, Inc.', 'award_amt': '0.8919'}, {'firm_name': 'DIA General Construction, Inc.', 'award_amt': '0.9121'}, {'firm_name': 'Abscope Environmental, Inc.', 'award_amt': '1.711'}, {'firm_name': 'Ontario HVAC Solutions, Inc.', 'award_amt': '1.279'}, {'firm_name': 'Abscope Environmental, Inc.', 'award_amt': '1.6358'}, {'firm_name': 'Ontario HVAC Solutions, Inc.', 'award_amt': '1.2699'}, {'firm_name': 'Ontario HVAC Solutions, Inc.', 'award_amt': '1.2535'}, {'firm_name': 'Industrial Power & Lighting Corp.', 'award_amt': '1.438'}, {'firm_name': 'Ontario HVAC Solutions, Inc.', 'award_amt': '1.3099'}, {'firm_name': 'Ontario HVAC Solutions, Inc.', 'award_amt': '1.299'}]"
Lehman College - Lehman Nursing Ed - Furnish and Deliver Philips Healthcare Equipment,[],"[{'company': 'Maclean Health', 'bid_amount': '$158,777.50'}]","[{'firm_name': 'The Maclean Group dba Maclean Health', 'award_amt': '$158,777.50'}]"
Lehman College - Lehman Nursing Ed Center - Furnish and Deliver Hill-Rom Equipment,[],"[{'company': 'Southwestern Medical', 'bid_amount': '$128,436.22'}, {'company': 'Baxter', 'bid_amount': '$233,733.09'}]","[{'firm_name': 'Hill-Rom Company Inc.', 'award_amt': '$233,733.09'}]"
Lehman College - Nursing Ed Center - Furnish and Deliver Capsa Solutions Cabinets,[],"[{'company': 'Derive Technologies LLC', 'bid_amount': '$379,688.45'}, {'company': 'DiaMedical USA', 'bid_amount': '$352,270.00'}]","[{'firm_name': 'DiaMedical USA Equipment LLC', 'award_amt': '$295,120.00'}]"
Lehman College - Nursing Ed Center - Furnish and Deliver GE Healthcare Equipment,[],"[{'company': 'GE Healthcare', 'bid_amount': '$97,644.97'}]","[{'firm_name': 'GE Medical Systems Info Technologies', 'award_amt': '$86,672.89'}]"
Mattress Term Procurement,[],"[{'company': 'US Bedding', 'bid_amount': '$9,174.50'}, {'company': 'Jamestown Mattress Co., Inc.', 'bid_amount': '$10,848.00'}, {'company': 'Made Rite Bedding Company', 'bid_amount': '$5,385.00'}]","[{'firm_name': 'Jamestown', 'award_amt': '$10,848.00'}]"
Mohawk Valley PC - Playground Resurface System,[],"[{'company': 'Valley View', 'bid_amount': '$101,000.00'}, {'company': 'ARS Landscaping', 'bid_amount': '$142,984.50'}, {'company': 'Haris Construction, Inc.', 'bid_amount': '$295,000.00'}]","[{'firm_name': 'Valley View', 'award_amt': '$100,670.00'}]"
"New York State Office for People with Developmental Disabilities, Hudson Valley DDSO, Hostel 5588 Roof Replacement","[('Flashing and sealantsGutters and leadersFirestoppingMinor building-mounted light relocationRestoration of lawn areas damaged by construction operationsOne Construction Contract will be awarded with an estimated value of $350,000 - $400,000', ['350,000', '400,000'])]","[{'company': 'S&L Roofing & Sheetmetal, Inc.', 'bid_amount': '$572,900.00'}]","[{'firm_name': 'S&L Roofing & Sheetmetal, Inc.', 'award_amt': '$572,900.00'}]"
"New York State Office for People with Developmental Disabilities, Sunmount DDSO, Phase I Buildings 4, 5 and 12 Roof Replacement and Asbestos Abatement","[('One Construction Contract will be awarded with an estimated value of $1,300,000 - $1,350,000', ['1,300,000', '1,350,000'])]","[{'company': 'Niko K Construction Corp', 'bid_amount': '$2,100,000.00'}, {'company': 'I&A Renovation Inc', 'bid_amount': '$2,333,000.00'}, {'company': 'Titan Roofing, Inc.', 'bid_amount': '$2,539,800.00'}]","[{'firm_name': 'Niko K Construction Corp', 'award_amt': '$2,350,000.00'}]"
"New York State Office of Mental Health, Hutchings Psychiatric Center, Building 5 Roof Replacement and Asbestos Abatement","[('One Construction Contract will be awarded with an estimated value of $800,000- $850,000', ['800,000', '850,000'])]","[{'company': 'Diamond Roofing Company, Inc.', 'bid_amount': '$1,116,000.00'}, {'company': 'Titan Roofing, Inc.', 'bid_amount': '$1,352,000.00'}]","[{'firm_name': 'Diamond Roofing Co Inc', 'award_amt': '$1,116,000.00'}]"
OASAS C.K. Post Addiction Treatment Center Phase VII Facade and Basement Leaks Remediation and Asbestos & HAZMAT Abatement,"[('The estimated construction cost range is $4,250,000 to $4,500,000', ['4,250,000', '4,500,000'])]","[{'company': 'United Standard Construction Inc.', 'bid_amount': '$2,973,009.00'}, {'company': 'RK Contracting Inc.', 'bid_amount': '$3,300,000.00'}, {'company': 'AARCO Contracting LLC', 'bid_amount': '$3,388,892.35'}, {'company': 'Star Construction Industries Inc', 'bid_amount': '$3,646,000.00'}, {'company': 'Sharan Builders Inc.', 'bid_amount': '$3,893,045.25'}, {'company': 'MDS Construction Management LLC', 'bid_amount': '$3,965,016.00'}, {'company': 'J M & A Construction Corp', 'bid_amount': '$4,280,000.00'}, {'company': 'Stalco Construction Inc', 'bid_amount': '$4,330,000.00'}, {'company': 'KS Construction of NY Inc', 'bid_amount': '$4,363,182.67'}, {'company': 'Fidelis Contracting Inc', 'bid_amount': '$4,475,000.00'}, {'company': 'Avenue Contracting Inc', 'bid_amount': '$4,781,856.00'}, {'company': 'T.A. Ahern Contractors Corp', 'bid_amount': '$4,814,750.00'}, {'company': 'MST General Contracting Restoration Inc', 'bid_amount': '$5,625,325.00'}, {'company': 'SRR Holdings LLC', 'bid_amount': '$5,875,786.00'}, {'company': 'B N Restoration Inc', 'bid_amount': '$5,979,786.00'}, {'company': 'Olympic Contracting Corp', 'bid_amount': '$6,500,000.00'}, {'company': 'Lanmark Group Inc', 'bid_amount': '$7,597,924.00'}, {'company': 'Lo Sardo General Contractors Inc', 'bid_amount': '$8,373,000.00'}, {'company': 'Sea Breeze General Construction Inc', 'bid_amount': '$9,487,380.00'}]","[{'firm_name': 'United Standard Construction Inc.', 'award_amt': '$3,063,009.00'}]"
OASAS Creedmoor Addiction Treatment Center Building 19 Renovation and HAZMAT Abatement,[],"[{'company': 'Defash Global Resources Inc', 'bid_amount': '$4,850,000.00'}, {'company': 'Stalco Construction Inc.', 'bid_amount': '$8,368,000.00'}, {'company': 'PB Contracting Corp.', 'bid_amount': '$8,580,000.00'}, {'company': 'CLS Project Solutions Inc', 'bid_amount': '$8,999,999.00'}, {'company': 'Sweet Group LLC', 'bid_amount': '$9,222,387.00'}, {'company': 'Gryphon Construction Inc.', 'bid_amount': '$9,421,095.00'}, {'company': 'JEMCO Electrical Contractors, Inc.', 'bid_amount': '$9,575,000.00'}, {'company': 'ACS System Associates, Inc.', 'bid_amount': '$9,850,000.00'}, {'company': 'Zaman Construction Corp.', 'bid_amount': '$10,739,540.00'}, {'company': 'All-Con Contracting', 'bid_amount': '$12,798,000.00'}, {'company': 'Prismatic Development Corporation', 'bid_amount': '$13,329,000.00'}, {'company': 'National Environmental Safety Co., Inc.', 'bid_amount': '$13,888,000.00'}, {'company': 'Vernon Construction & Development llc', 'bid_amount': '$15,524,000.00'}, {'company': 'Lanmark Group Inc', 'bid_amount': '$15,570,000.00'}, {'company': 'Padilla Construction Services', 'bid_amount': '$16,976,905.00'}, {'company': 'Maven Construction Corp', 'bid_amount': '$33,519,000.00'}]","[{'firm_name': 'Stalco Construction, Inc', 'award_amt': '$8,656,000.00'}]"
OASAS Margaret A. Stutzman Addiction Treatment Center Phase VII Renovations with Asbestos and Hazardous Materials Abatement,"[('This is a single prime General Construction contract estimated between $1,599,000 and $1,677,000', ['1,599,000', '1,677,000'])]","[{'company': 'Rodriguez Construction Group, Inc.', 'bid_amount': '$949,000.00'}, {'company': 'Sicoli Construction Services, Inc.', 'bid_amount': '$1,014,500.00'}]","[{'firm_name': 'Rodriguez Construction Group Inc.', 'award_amt': '$949,000.00'}]"
OASAS Richard C. Ward Addiction Treatment Center Building #92 Phase VII Renovations Mechanical,[],"[{'company': 'Crescent Contracting Corp.', 'bid_amount': '$442,000.00'}, {'company': 'S & O Construction Service Inc.', 'bid_amount': '$687,802.00'}]","[{'firm_name': 'Crescent Contracting Corporation', 'award_amt': '$442,000.00'}]"
OASAS Richard Ward ATC #604 Design Renovation of the Building Management System,[],[],"[{'firm_name': 'Johnson Controls, Inc.', 'award_amt': '$239,869.28'}]"
OMH - Central New York Psychiatric Center - Furnish & Deliver Optometry Equipment,[],"[{'company': 'Lombart Instruments', 'bid_amount': '$58,076.34'}, {'company': 'Metro Ophthalmic', 'bid_amount': '$63,133.00'}]","[{'firm_name': 'Lombart', 'award_amt': '$58,076.34'}]"
OMH - Mid-Hudson PC - Furnish and Deliver Medium Voltage Pad-Mounted Switch Gear,[],"[{'company': 'Bell Electrical Supply', 'bid_amount': '$254,572.97'}]","[{'firm_name': 'Bell Electrical Supply Co Inc.', 'award_amt': '$254,572.97'}]"
OMH Buffalo PC Building 51 Butler Auditorium Renovation and Hazardous Materials,"[('General Construction Contract CR# 6 is estimated at $365,000 to $405,000', ['6', '365,000', '405,000']), ('Electrical Contract CR#5 is estimated at $488,000 to $537,000', ['5', '488,000', '537,000'])]","[{'company': ""O'Connell Electric Company Inc."", 'bid_amount': '$795,000.00'}, {'company': 'Rodriguez Construction Group', 'bid_amount': '$449,000.00'}, {'company': 'Scrufari Construction Co.', 'bid_amount': '$480,715.00'}, {'company': 'Sicoli Construction', 'bid_amount': '$498,600.00'}, {'company': 'Lakeside Contracting Co.', 'bid_amount': '$618,000.00'}]","[{'firm_name': ""O'Connell Electric Company Inc."", 'award_amt': '$795,000.00'}, {'firm_name': 'Rodriguez Construction Group Inc.', 'award_amt': '$449,000.00'}]"
"OMH Buffalo Psychiatric Center Building 1 Repair Windows, Remove Porch, and Asbestos Abatement",[],"[{'company': 'Window Specialist, Inc.', 'bid_amount': '443500'}, {'company': 'Pristine Construction NY LLC', 'bid_amount': '589000'}]","[{'firm_name': 'Window Specialist, Inc.', 'award_amt': '443500'}]"
OMH Buffalo Psychiatric Center Building 48 Main Electrical Distribution Relocation and Asbestos and HAZMAT Abatement,[],"[{'company': 'Northline Utilities, LLC', 'bid_amount': '$1,869,500.00'}]","[{'firm_name': 'Northline Utilities, LLC', 'award_amt': '$1,869,500.00'}]"
OMH Buffalo Psychiatric Center Building 51 HVAC Upgrade and Asbestos and HAZMAT Abatement Rebid,"[('HVAC Contract CR#8 is estimated at $6,400,000 to $6,800,000', ['8', '6,400,000', '6,800,000']), ('General Construction/Asbestos and Hazardous Materials Abatement Contract CR#9 is estimated at $1,200,000 to 1,350,000', ['9', '1,200,000', '1,350,000']), ('Electrical Contract CR#7 is estimated at $550,000 to $590,000', ['7', '550,000', '590,000'])]","[{'company': ""O'Connell Electric Company, Inc."", 'bid_amount': '$968,997.00'}, {'company': 'John W. Danforth Company', 'bid_amount': '$7,161,000.00'}, {'company': 'Rodriguez Construction Corp', 'bid_amount': '$759,000.00'}, {'company': 'Lake Side Contracting Co., Inc.', 'bid_amount': '$829,000.00'}, {'company': 'Call Associates Inc.', 'bid_amount': '$1,048,000.00'}, {'company': 'Sicoli Construction Services', 'bid_amount': '$1,088,800.00'}]","[{'firm_name': ""O'Connell Electric Company, Inc."", 'award_amt': '$968,997.00'}, {'firm_name': 'John W. Danforth Company', 'award_amt': '$7,161,000.00'}, {'firm_name': 'Rodriguez Construction Corp.', 'award_amt': '$759,000.00'}]"
"OMH Buffalo Psychiatric Center Roof Replacement and Hazardous Material Removal, Buildings 62/62A",[],"[{'company': 'Jameson Roofing Co., Inc.', 'bid_amount': '$5,242,197.00'}, {'company': 'Progressive Roofing Inc.', 'bid_amount': '$6,240,000.00'}, {'company': 'Titan Roofing, Inc.', 'bid_amount': '$7,442,990.00'}, {'company': 'Niko K. Cosntruction Corp', 'bid_amount': '$9,400,000.00'}]","[{'firm_name': 'Jameson Roofing Company', 'award_amt': '$5,242,197.00'}]"
OMH Capital District Psychiatric Center Building 1 Roof Replacement and Asbestos Remediation,"[('Estimated General Construction work cost range is $10 million to $11 million', ['10', '11']), ('Estimated Plumbing work cost range is $200,000 to $300,000', ['200,000', '300,000']), ('Estimated HVAC work cost range is $100,000 to $200,000', ['100,000', '200,000']), ('Estimated Electric work cost range is $60,000 - $100,000', ['60,000', '100,000'])]","[{'company': 'Titan Roofing, Inc.', 'bid_amount': '$10,255,230.00'}, {'company': 'S & L Roofing and Sheetmetal', 'bid_amount': '$10,728,900.00'}, {'company': 'P & K Contracting Inc.', 'bid_amount': '$11,972,583.00'}, {'company': 'Page Contracting Corp.', 'bid_amount': '$12,818,000.00'}, {'company': 'Gem-Quality Corporation', 'bid_amount': '$14,855,951.00'}, {'company': 'Avenue Contracting Inc', 'bid_amount': '$14,877,000.00'}, {'company': 'B&B Premier Contracting, LLC', 'bid_amount': '$76,000.00'}, {'company': 'Kasselman Electric Co., Inc.', 'bid_amount': '$89,156.00'}, {'company': 'B&B Premier Contracting, LLC', 'bid_amount': '$149,000.00'}, {'company': 'DiGesare Mechanical, Inc.', 'bid_amount': '$339,900.00'}]","[{'firm_name': 'Titan Roofing, Inc.', 'award_amt': '$10,255,230.00'}, {'firm_name': 'B&B Premier Contracting, LLC', 'award_amt': '$76,000.00'}, {'firm_name': 'B&B Premier Contracting, LLC', 'award_amt': '$149,000.00'}, {'firm_name': 'DiGesare Mechanical, Inc.', 'award_amt': '$339,900.00'}]"
OMH Capital District Psychiatric Center Kitchen Refrigeration Replacement and HAZMAT Abatement,"[('General Construction / Asbestos Abatement Contract CR 11 will be awarded with an estimated value of $150,000', ['11', '150,000']), ('HVAC Construction Contract CR 6 will be awarded with an estimated value of $250,000', ['6', '250,000']), ('Electrical Construction Contract CR 5 will be awarded with an estimated value of $50,000', ['5', '50,000'])]","[{'company': 'Jiwan Construction Inc.', 'bid_amount': '$180,000.00'}, {'company': 'Kasselman Electric Co Inc', 'bid_amount': '$53,058.00'}, {'company': 'BPI Mechanical Service', 'bid_amount': '$312,270.00'}]","[{'firm_name': 'Kasselman Electric Co Inc', 'award_amt': '$53,058.00'}, {'firm_name': 'BPI Mechanical Service', 'award_amt': '$312,270.00'}]"
OMH Capital District Psychiatric Center Kitchen Refrigeration Replacement and HAZMAT Abatement Rebid,"[('General Construction / Asbestos Abatement Contract CR 11 will be awarded with an estimated value of $150,000', ['11', '150,000'])]","[{'company': 'Wainschaf Associates, Inc.', 'bid_amount': '$169,000.00'}]","[{'firm_name': 'Wainschaf Associates, Inc.', 'award_amt': '$169,000.00'}]"
OMH Central New York PC Building 108 Addition with Asbestos Abatement and Removal of Hazardous Materials,"[('There will be four contracts bid on this project:Construction Contract (CR30) estimated at $7,000,000 to $7,500,000,Electrical (CR31) Contract estimated at $1,000,000 to $1,200,000,Plumbing Contract (CR32) estimated at $600,000 to $800,000,HVAC Contract (CR33) estimated at $1,200,000 to $1,400,000', ['7,000,000', '7,500,000,', '1,000,000', '1,200,000,', '600,000', '800,000,', '1,200,000', '1,400,000'])]","[{'company': 'Beebe Construction Services, Inc.', 'bid_amount': '$5,056,000.00'}, {'company': 'Pike Construction Services', 'bid_amount': '$5,436,000.00'}, {'company': 'Jersen Construction', 'bid_amount': '$5,575,000.00'}, {'company': 'Hewitt Young Electric LLC.', 'bid_amount': '$974,750.00'}, {'company': 'Weydman Electric, Inc.', 'bid_amount': '$999,777.00'}, {'company': 'Kasselman Electric Co.,Inc.', 'bid_amount': '$1,249,749.00'}, {'company': 'Huen Electric inc.', 'bid_amount': '$1,703,000.00'}, {'company': 'Patricia Electric, Inc.', 'bid_amount': '$1,730,000.00'}, {'company': 'DiGesare Mechanical, Inc.', 'bid_amount': '$859,000'}, {'company': 'H.J. Brandeles Corporation', 'bid_amount': '$867,000'}, {'company': 'John W. Danforth Company', 'bid_amount': '$919,000'}, {'company': 'DiGesare Mechanical, Inc.', 'bid_amount': '$1,734,000.00'}, {'company': 'H.J. Brandeles Corporation', 'bid_amount': '$1,810,000.00'}, {'company': 'John W. Danforth Company', 'bid_amount': '$1,858,800.00'}]","[{'firm_name': 'Beebe Construction Services, Inc.', 'award_amt': '$5,056,000.00'}, {'firm_name': 'Hewitt Young Electric LLC', 'award_amt': '$974,750.00'}, {'firm_name': 'DiGesare Mechanical Inc.', 'award_amt': '$859,000.00'}, {'firm_name': 'DiGesare Mechanical Inc.', 'award_amt': '$1,734,000.00'}]"
"OMH Hutchings Psychiatric Center, Building 2 Comprehensive Rehabilitation with Asbestos Abatement","[('The estimated cost range for this project is between $20,000,000 and $23,000,000', ['20,000,000', '23,000,000'])]","[{'company': 'C & S Technical Resources, Inc.', 'bid_amount': '$29,999,000.00'}, {'company': 'DCI DiPasquale Construction Inc.', 'bid_amount': '$34,700,000.00'}, {'company': 'Murnane Building Contractors, Inc.', 'bid_amount': '$37,900,000.00'}]","[{'firm_name': 'C & S Technical Resources, Inc.', 'award_amt': '$29,999,000.00'}]"
OMH Hutchings Psychiatric Center Buildings 1 and 8 Elevator Additions and HAZMAT Abatement,[],"[{'company': 'Bette & Cring, LLC', 'bid_amount': '2369000'}]","[{'firm_name': 'Bette & Cring, LLC', 'award_amt': '2369000'}]"
OMH Hutchings Psychiatric Center Phase II – Overall Site Improvements,"[('The estimated cost range is between $4,200,000', ['4,200,000'])]","[{'company': 'Joseph J. Lane Construction Inc.', 'bid_amount': '$3,521,777.00'}, {'company': 'Marcy Excavation Services, LLC', 'bid_amount': '$3,597,512.00'}, {'company': 'KS Construction of NY Inc.', 'bid_amount': '$3,700,000.00'}, {'company': 'JK Tobin', 'bid_amount': '$4,290,000.00'}]","[{'firm_name': 'Joseph J. Lane Construction Inc.', 'award_amt': '$3,521,777.00'}]"
OMH Hutchings Psychiatric Center Transformer Replacements and Asbestos Abatement Various Buildings,"[('The estimated cost range is between $1,900,000 and $2,250,000', ['1,900,000', '2,250,000'])]","[{'company': 'Emerald Electrical Contractors Inc.', 'bid_amount': '$1,360,000.00'}, {'company': ""O'Connell Electric Company, Inc."", 'bid_amount': '$1,648,635.00'}, {'company': 'Hewitt Young Electric, LLC', 'bid_amount': '$1,971,600.00'}, {'company': 'Patricia Electric, Inc.', 'bid_amount': '$2,199,000.00'}]","[{'firm_name': 'Emerald Electrical Contractors Inc.', 'award_amt': '$1,360,000.00'}]"
OMH Mid-Hudson Forensic Psychiatric Center New Forensic Replacement Hospital  BP2 Base Building,"[('Estimated Cost Range: $300 million to $310 millionThe Dormitory Authority of the State of New York\xa0 (“DASNY”) has determined that its interest in obtaining the best work at the lowest possible price, preventing favoritism, fraud and corruption, and other considerations such as the impact of delay, the possibility of cost savings advantages and any local history of labor unrest are best met by use of a Project Labor Agreement (“PLA”) on this Project', ['300', '310'])]","[{'company': 'Hunter Roberts Prismatic Constructors - OMH MidHudson, JV', 'bid_amount': '$326,698,514.00'}, {'company': 'Consigli Construction NY, LLC', 'bid_amount': '$343,750,000.00'}, {'company': 'Citnalta Construction Corp.', 'bid_amount': '$379,872,000.00'}, {'company': 'Dobco Inc.', 'bid_amount': '$397,450,000.00'}]","[{'firm_name': 'Hunter Roberts Prismatic Constructors - OMH MidHudson, JV', 'award_amt': '$326,698,514.00'}]"
OMH Mid-Hudson Forensic Psychiatric Center New Forensic Replacement Hospital and HAZMAT Abatement,[],"[{'company': 'OCS Industries, Inc.', 'bid_amount': '$5,869,950.00'}, {'company': 'Butler Construction Group, Inc.', 'bid_amount': '$6,114,210.00'}, {'company': 'Argenio Bros., Inc.', 'bid_amount': '$6,483,483.00'}, {'company': 'Hunter Roberts Prismatic OMH MidHudson Demo, JV', 'bid_amount': '$7,085,350.00'}, {'company': 'Petillo NY, LLC', 'bid_amount': '$8,430,430.00'}, {'company': 'A.Servidone, Inc./B. Anthony Construction Group, JV', 'bid_amount': '$8,977,000.00'}]","[{'firm_name': 'OCS Industries, Inc.', 'award_amt': '$5,869,950.00'}]"
"OMH Rochester Psychiatric Center Building 41 Attic, Roof, & HVAC Renovation Including Asbestos Abatement",[],"[{'company': 'Michael A. Ferrauilo Plumbing & Heating Inc', 'bid_amount': '$1,184,000.00'}, {'company': 'Bell Mechanical', 'bid_amount': '$1,374,000.00'}, {'company': 'John W. Danforth Company', 'bid_amount': '$1,394,000.00'}, {'company': 'Pipitone Enterprises LLC', 'bid_amount': '$1,724,000.00'}, {'company': 'RK Best Construction Inc.', 'bid_amount': '$570,786.00'}, {'company': 'Kircher Construction Inc.', 'bid_amount': '$889,000.00'}]","[{'firm_name': 'Michael A. Ferrauilo Plumbing & Heating Inc', 'award_amt': '$1,184,000.00'}, {'firm_name': 'RK Best Construction Inc.', 'award_amt': '$570,786.00'}]"
OMH Rochester Psychiatric Center Renovations Including Hazardous Materials Abatement,[],"[{'company': 'Kircher Construction, Inc.', 'bid_amount': '$2,065,800.00'}, {'company': 'Bell Mechanical', 'bid_amount': '$1,584,400.00'}, {'company': 'Michael A. Ferrauilo', 'bid_amount': '$1,593,000.00'}, {'company': 'Pipitone Enterprises LLC', 'bid_amount': '$1,623,000.00'}, {'company': 'Wilkins Mechanical', 'bid_amount': '$1,994,517.00'}, {'company': 'Wilkins Mechanical', 'bid_amount': '$85,000.00'}, {'company': 'Michael A. Ferrauilo', 'bid_amount': '$357,000.00'}, {'company': 'Erie Electric Corporation', 'bid_amount': '$952,000.00'}, {'company': 'Hewitt Young Electric, LLC.', 'bid_amount': '$1,172,000.00'}]","[{'firm_name': 'Kircher Construction, Inc.', 'award_amt': '$2,065,800.00'}, {'firm_name': 'Bell Mechanical', 'award_amt': '$1,584,400.00'}, {'firm_name': 'Michael A. Ferrauilo', 'award_amt': '$357,000.00'}, {'firm_name': 'Erie Electric Corporation', 'award_amt': '$952,000.00'}]"
"OMH Rochester Psychiatric Center Water Main Replacement, Pavement Repairs/Reconstruction and Hazardous Materials",[],"[{'company': 'Woodstone Earth Construction, Inc.', 'bid_amount': '$5,905,000.00'}, {'company': 'Marcy Excavation Services', 'bid_amount': '$7,126,614.00'}, {'company': 'Frederico Construction & Devlopment LLC', 'bid_amount': '$7,948,600.00'}, {'company': 'Villager Construction, Inc.', 'bid_amount': '$8,750,000.00'}]","[{'firm_name': 'Woodstone Earth Construction, Inc.', 'award_amt': '$5,905,000.00'}]"
OMH Rockland Children’s Psychiatric Center BAS Upgrades to Building 129,[],[],[]
OMH Rockland PC Pool Chemical Storage Room Upgrades,[],"[{'company': 'Vinco Builders LLC', 'bid_amount': '$44,900.00'}, {'company': 'S&O Construction Service Inc', 'bid_amount': '$141,561.00'}, {'company': 'Tribeca Air Conditioning Corp', 'bid_amount': '$213,000.00'}, {'company': 'S&L Plumbing & Heating Corp', 'bid_amount': '$287,000.00'}, {'company': 'Mehl Electric Company', 'bid_amount': '$18,437.00'}]","[{'firm_name': 'Vinco Builders LLC', 'award_amt': '$44,900.00'}, {'firm_name': 'S&O Construction Service Inc', 'award_amt': '$141,561.00'}, {'firm_name': 'Mehl Electric Company', 'award_amt': '$18,437.00'}]"
OMH Rockland Psychiatric Center Building No. 732 Building Management System Upgrade,[],"[{'company': 'S&O Construction Services Inc', 'bid_amount': '$1,443,124.00'}, {'company': 'Clean Air Quality Service, Inc.', 'bid_amount': '$2,469,023.00'}, {'company': 'Fanshawe Inc. dba Rockland Electric', 'bid_amount': '$44,000.00'}]","[{'firm_name': 'S&O Construction Services, Inc.', 'award_amt': '$1,443,124.00'}, {'firm_name': 'Fanshawe, Inc. dba Rockland Electric', 'award_amt': '$44,000.00'}]"
OMH Rockland Psychiatric Center Install 2MW Standby Generator,"[('The estimated cost range for the electrical work is between $4,200,000', ['4,200,000']), ('00, and the estimated cost range for the general construction work is between $425,000', ['00', '425,000'])]","[{'company': 'ADP Group Inc.', 'bid_amount': '$494,700.00'}, {'company': 'Technomen NY Inc.', 'bid_amount': '$499,989.00'}, {'company': 'Jorrey Excavating Inc.', 'bid_amount': '$1,029,000.00'}, {'company': 'Verde Electric Corporation', 'bid_amount': '$1,092,000.00'}, {'company': 'Vinco Builders LLC', 'bid_amount': '$1,388,900.00'}, {'company': 'Medco LLC', 'bid_amount': '$1,777,000.00'}, {'company': 'Mehl Electric Company, Inc.', 'bid_amount': '$4,595,615.00'}, {'company': 'E-J Electric Installation Co.', 'bid_amount': '$4,875,875.00'}, {'company': 'Fanshawe, Inc. dba Rockland Electric', 'bid_amount': '$4,937,000.00'}, {'company': 'Thomas Controls, Inc.', 'bid_amount': '$5,130,000.00'}, {'company': 'West-Fair Electric Contractors Inc.', 'bid_amount': '$5,330,000.00'}, {'company': 'Global Electrical Contracting of Westchester, Inc.', 'bid_amount': '$5,449,000.00'}, {'company': 'Multi-Phase Electrical Services, Inc.', 'bid_amount': '$5,799,000.00'}, {'company': 'Verde Electric Corporation', 'bid_amount': '$6,410,000.00'}, {'company': ""O'Connell Electric Company, Inc."", 'bid_amount': '$7,166,570.00'}, {'company': 'Medco LLC', 'bid_amount': '$7,777,000.00'}]","[{'firm_name': 'Mehl Electric Company', 'award_amt': '$4,595,615.00'}, {'firm_name': 'ADP Group Inc.', 'award_amt': '$494,700.00'}]"
OMH South Beach Psychiatric Center Secondary Disinfection System and Asbestos Abatement,"[('The Estimated Cost for this work is: $1,500,000 to $1,800,000', ['1,500,000', '1,800,000'])]","[{'company': 'High Point Construction Group Corp.', 'bid_amount': '$1,599,819.69'}, {'company': 'Technomen NY Inc.', 'bid_amount': '$1,664,444.00'}, {'company': 'Cube Construction Services LLC', 'bid_amount': '$2,433,182.00'}, {'company': 'Gem Quality Corporation', 'bid_amount': '$2,686,967.00'}, {'company': 'NY Asphalt, Inc.', 'bid_amount': '$3,346,019.00'}]","[{'firm_name': 'Highpoint Construction Group Corp.', 'award_amt': '$1,599,819.69'}]"
OMH St. Lawrence Psychiatric Center Building 202 & 203 Generator Replacement with Associated Asbestos and HAZMAT Abatement,[],"[{'company': 'Continental Construction, LLC', 'bid_amount': '$275,492.00'}, {'company': 'Northern Tier Contracting, Inc.', 'bid_amount': '$363,200.00'}, {'company': 'Watson Electric Inc.', 'bid_amount': '$590,000.00'}, {'company': 'Next Era Contracting, Inc.', 'bid_amount': '$689,600.00'}, {'company': 'S&L Electric, Inc.', 'bid_amount': '$939,000.00'}, {'company': 'Northern Pioneer Contractors, Inc.', 'bid_amount': '$974,000.00'}, {'company': 'Hyde-Stone Mechanical Contractors, Inc.', 'bid_amount': '$80,000.00'}]","[{'firm_name': 'Continental Construction, LLC', 'award_amt': '$275,492.00'}, {'firm_name': 'Watson Electric Inc.', 'award_amt': '$590,000.00'}, {'firm_name': 'Hyde-Stone Mechanical Contractors, Inc.', 'award_amt': '$80,000.00'}]"
OMH St. Lawrence Psychiatric Center Building 203 Chiller Replacement with Associated Asbestos and Hazardous Waste Abatement,"[('The estimated value of the General Construction Contract is $300,000 - $350,000', ['300,000', '350,000']), ('The estimated value of the HVAC Contract is $1,100,000 - $1,300,000', ['1,100,000', '1,300,000']), ('The estimated value of the Electrical Contract is $250,000 - $300,000', ['250,000', '300,000'])]","[{'company': 'Collins-Hammond Electrical Contractors, Inc.', 'bid_amount': '$97,000.00'}, {'company': 'Next Era Contracting, Inc.', 'bid_amount': '$154,599.00'}, {'company': 'S&L Electric, Inc.', 'bid_amount': '$179,000.00'}, {'company': 'Ontario HVAC Solutions, Inc.', 'bid_amount': '$978,228.00'}, {'company': 'Hyde-Stone Mechanical Contractors, Inc.', 'bid_amount': '$1,082,956.00'}, {'company': 'Burns Bros Contractors LLC', 'bid_amount': '$1,169,000.00'}]","[{'firm_name': 'Next Era Contracting, Inc.', 'award_amt': '$154,599.00'}, {'firm_name': 'Ontario HVAC Solutions, Inc.', 'award_amt': '$978,228.00'}]"
OMH St. Lawrence Psychiatric Center Building 301 Attic Renovation,"[('The estimated value of the Contract is $150,000 - $175,000', ['150,000', '175,000'])]","[{'company': 'Zerodraft of CNY Inc.', 'bid_amount': '169800'}, {'company': 'Sparx Construction and General Contracting', 'bid_amount': '209569'}, {'company': 'D.C. Building Systems, Inc.', 'bid_amount': '209700'}]","[{'firm_name': 'Zerodraft of CNY Inc.', 'award_amt': '169800'}]"
OPWDD Broome DDSO Abatement and Renovation of the Executive Suites in Building 3,"[('The estimated construction cost for the General Construction Base Bid is between $2,600,000 and $2,800,000', ['2,600,000', '2,800,000']), ('The estimated construction cost for the Electrical Base Bid is between $350,000 and $450,000', ['350,000', '450,000']), ('The estimated construction cost for the HVAC Base Bid is between $400,00 and $450,000', ['400,00', '450,000']), ('The estimated construction cost for the Plumbing Base Bid is between $40,000 and $50,000', ['40,000', '50,000'])]","[{'company': 'Mattoon Construction Services Inc.', 'bid_amount': '$1,945,000.00'}, {'company': 'Star Construction Services', 'bid_amount': '$2,556,000.00'}, {'company': 'AFT Mechanical LLC', 'bid_amount': '$533,000.00'}, {'company': 'J&K Plumbing and Heating Co., Inc.', 'bid_amount': '$665,000.00'}, {'company': 'Blanding Electric, Inc.', 'bid_amount': '$435,849.00'}, {'company': 'Upstate Companies I, LLC.', 'bid_amount': '$448,000.00'}, {'company': 'No Bids', 'bid_amount': ''}]","[{'firm_name': 'Mattoon Construction Services Inc.', 'award_amt': '$1,945,000.00'}, {'firm_name': 'AFT Mechanical LLC', 'award_amt': '$533,000.00'}, {'firm_name': 'Blanding Electric, Inc.', 'award_amt': '$435,849.00'}]"
OPWDD Broome DDSO Building 3 Chiller Replacement and Asbestos & Hazardous Materials Abatement,"[('The estimated construction cost for the HVAC Base Bid is between $3,600,000 – 3,900,000', ['3,600,000', '3,900,000']), ('The estimated construction cost for the Electrical Base Bid is between $350,000 and $450,000', ['350,000', '450,000'])]","[{'company': 'J&K Plumbing & Heating Co, Inc', 'bid_amount': '$2,948,000.00'}, {'company': 'AN Curtiss Co Inc dba Wilkins Mechanical', 'bid_amount': '$4,061,191.00'}, {'company': 'Nelcorp Electrical Contracting Corp', 'bid_amount': '$122,949.00'}, {'company': 'Matco Electric Corp', 'bid_amount': '$181,450.00'}, {'company': 'Blanding Electric Inc', 'bid_amount': '$194,849.00'}]","[{'firm_name': 'J&K Plumbing & Heating Co, Inc', 'award_amt': '$2,948,000.00'}, {'firm_name': 'Nelcorp Electrical Contracting Corp', 'award_amt': '$122,949.00'}]"
OPWDD Finger Lakes DDSO Newark Campus Pavement Reconstruction,[],"[{'company': 'Zoladz Construction Co., Inc.', 'bid_amount': '$2,988,772.30'}, {'company': 'Villager Construction, Inc', 'bid_amount': '$4,575,000.00'}]","[{'firm_name': 'Villager Construction, Inc', 'award_amt': '$4,600,000.00'}]"
OPWDD Finger Lakes DDSO Tymeson Roof Replacement and Asbestos Abatement,"[('Estimated Cost Range: $1,742,000 - $1,925,000A complete set of Contract Documents may be viewed and/or purchased online from Camelot Print and Copy Centers', ['1,742,000', '1,925,'])]","[{'company': 'Titan Roofing Inc', 'bid_amount': '$1,732,000.00'}, {'company': 'J & B Installations, Inc.', 'bid_amount': '$1,747,400.00'}, {'company': 'New Britain Roofing Co., Inc.', 'bid_amount': '$1,842,000.00'}, {'company': 'I & A Renovation, Inc.', 'bid_amount': '$2,176,000.00'}, {'company': 'Niko K. Construction Corp.', 'bid_amount': '$4,170,000.00'}]","[{'firm_name': 'Titan Roofing Inc', 'award_amt': '$1,732,000.00'}]"
"OPWDD Hudson Valley DDSO Building 2, 3, 5 and 11 Roof Replacement and Asbestos Abatement",[],"[{'company': 'PB Contracting Corp.', 'bid_amount': '$2,545,000.00'}, {'company': 'ADP Group Inc.', 'bid_amount': '$2,640,000.00'}, {'company': 'S&L Roofing & Sheetmetal, Inc.', 'bid_amount': '$2,696,900.00'}, {'company': 'Armor-Tite Construction Corp.', 'bid_amount': '$2,979,000.00'}, {'company': 'Prograde Construction Inc', 'bid_amount': '$3,185,000.00'}, {'company': 'Niko K. Construction Corp.', 'bid_amount': '$3,280,000.00'}, {'company': 'Page Contracting Corp.', 'bid_amount': '$3,757,000.00'}, {'company': 'Titan Roofing Inc', 'bid_amount': '$4,889,000.00'}, {'company': 'Atlantic Specialty, Inc.', 'bid_amount': '$4,948,786.00'}]","[{'firm_name': 'PB Contracting Corp.', 'award_amt': '$2,545,000.00'}]"
"OPWDD Hudson Valley DDSO Flooring & Interior Paint Buildings No.148, 149 & 156",[],"[{'company': 'Onrho Home Improvement Corporation', 'bid_amount': '$324,526.00'}, {'company': 'BLH Construction, Inc.', 'bid_amount': '$1,184,000.00'}, {'company': 'IJZ Associates Inc.', 'bid_amount': '$1,599,729.00'}, {'company': 'Unified Construction Services Unlimited', 'bid_amount': '$1,750,000.00'}, {'company': 'Pro Solutions Home Renovations, LLC', 'bid_amount': '$2,480,000.00'}, {'company': 'Saheet Construction Corp.', 'bid_amount': '$3,227,570.97'}, {'company': 'Atlantic Specialty Inc', 'bid_amount': '$4,317,000.00'}]","[{'firm_name': 'BLH Construction, Inc.', 'award_amt': '$1,184,000.00'}]"
OPWDD Sunmount DDSO Asbestos Abatement and Reinsulation Various Basements/Crawlspaces – Phase 2,"[('Two Contracts will be awarded:The estimated value of the Asbestos Abatement Contract is $850,000 - $950,000', ['850,000', '950,000']), ('The estimated value of the HVAC Contract is $250,000 - $300,000', ['250,000', '300,000'])]","[{'company': 'AAC Contracting, LLC', 'bid_amount': '$282,000.00'}, {'company': 'Jag Environmental', 'bid_amount': '$325,380.00'}, {'company': 'Matton Construction Services, Inc.', 'bid_amount': '$217,300.00'}]","[{'firm_name': 'AAC Contratcting Inc.', 'award_amt': '$282,000.00'}, {'firm_name': 'Mattoon Construction Services', 'award_amt': '$217,300.00'}]"
"OPWDD Sunmount DDSO Phase 2 – Building 6, 7, & 8 Roof Replacement and Associated Asbestos & HAZMAT Abatement",[],"[{'company': 'S&L Roofing & Sheetmetal Inc.', 'bid_amount': '$2,143,900.00'}, {'company': 'Niko K. Construction Corp', 'bid_amount': '$2,360,000.00'}, {'company': 'Titan Roofing Inc.', 'bid_amount': '$2,778,000.00'}]","[{'firm_name': 'S&L Roofing & Sheetmetal Inc.', 'award_amt': '$2,143,900.00'}]"
OPWDD Sunmount DDSO Roof Replacement and HAZMAT Abatement Phase 3,"[('One Construction Contract will be awarded with an estimated value of $2,100,000 - $2,500,000', ['2,100,000', '2,500,000'])]","[{'company': 'Mid State Industries, LTD', 'bid_amount': '$2,108,811.00'}, {'company': 'AARCO Contracting, LLC', 'bid_amount': '$2,199,951.25'}, {'company': 'Star Construction Induestries Inc', 'bid_amount': '$2,326,000.00'}, {'company': 'Niko K Construction Corp', 'bid_amount': '$2,368,000.00'}, {'company': 'S & L Roofing and Sheetmetal Inc.', 'bid_amount': '$2,386,900.00'}, {'company': 'Titan Roofing, Inc.', 'bid_amount': '$2,542,000.00'}, {'company': 'New Britain Roofing Company', 'bid_amount': '$2,910,000.00'}, {'company': 'Avenue Contracting Inc.', 'bid_amount': '$3,350,000.00'}]","[{'firm_name': 'Mid-State Industries, Ltd', 'award_amt': '$2,108,811.00'}]"
OPWDD Western NY DDSO Building 16 Roof Restoration and HAZMAT Abatement- Phase II,[],"[{'company': 'Weaver Metal & Roofing Inc.', 'bid_amount': '$930,000.00'}, {'company': 'Elmer W Davis Inc.', 'bid_amount': '$1,160,810.00'}, {'company': 'Titan Roofing Inc.', 'bid_amount': '$1,484,680.00'}, {'company': 'I&A Renovation Inc.', 'bid_amount': '$1,963,000.00'}, {'company': 'New Britain Roofing Company', 'bid_amount': '$2,055,000.00'}, {'company': 'Jameson Roofing Co Inc.', 'bid_amount': '$2,157,670.00'}]","[{'firm_name': 'Weaver Metal and Roofing Inc.', 'award_amt': '$930,000.00'}]"
Provide Loan Servicing Software,[],"[{'company': 'BRYT Software', 'bid_amount': '$78,900.00'}, {'company': 'LoanPro Software, LLC', 'bid_amount': '$41,000.00'}]","[{'firm_name': 'LoanPro Software, LLC', 'award_amt': '$41,000.00'}]"
RE BID - SUNY - Fashion Institute of Technology - Furnish & Deliver Kitchen Equipment,[],"[{'company': ""Grady's Food Service Equipment Supplies"", 'bid_amount': '$163,204.12'}, {'company': 'Sam Tell and Son', 'bid_amount': '$185,349.27'}, {'company': 'Restaurant Supply LLC', 'bid_amount': '$196,655.00'}]","[{'firm_name': 'Restaurant Supply LLC', 'award_amt': '$139,069.85'}]"
RFP#7594 - Term Commissioning Services,[],[],"[{'firm_name': '10/16/2023', 'award_amt': 'Ameresco, Inc.'}, {'firm_name': '10/16/2023', 'award_amt': 'ARAMARK SERVICES DBA ARAMARK MGMT SVCS'}, {'firm_name': '10/16/2023', 'award_amt': 'CHA Consulting, Inc.'}, {'firm_name': '10/16/2023', 'award_amt': 'EME Consulting Engineering and'}, {'firm_name': '10/16/2023', 'award_amt': 'Erdman Anthony and Associates, Inc.'}, {'firm_name': '10/16/2023', 'award_amt': 'Genesys Engineering P.C.'}, {'firm_name': '10/16/2023', 'award_amt': 'Goldman Copeland Associates Engineers'}, {'firm_name': '10/16/2023', 'award_amt': 'LaBella Associates, DPC'}, {'firm_name': '10/16/2023', 'award_amt': 'Loring Consulting Engineers Inc'}, {'firm_name': '10/16/2023', 'award_amt': 'M/E Engineering, P.C.'}]"
RFP 7593 Staten Island Family Court Consolidation Bridging Consultant Services,"[('There was a Pre-Scoping Study conducted in 2018 that estimated the construction budget for this phase of the project to be approximately $80 - $100 million', ['2018', '80', '100'])]",[],"[{'firm_name': '4/3/2023', 'award_amt': 'Mitchell Giurgola Architects LLP'}]"
Re-Bid: CUNY - New York City College of Technology - Furnish & Deliver & Install ADA Lifts,[],"[{'company': 'Handi-Lifts', 'bid_amount': '$149,585.00'}]","[{'firm_name': 'Handi-Lift, Inc.', 'award_amt': '$149,585.00'}]"
SUNY - Monroe Community College - Furnish & Deliver Booklet Making System,[],"[{'company': 'Electronic Business Products', 'bid_amount': '$62,995.00'}, {'company': 'New York Printing Systems', 'bid_amount': '$61,251.00'}, {'company': 'G. E. Richards Graphic Supplies', 'bid_amount': '$69,532.00'}]","[{'firm_name': 'New York Printing Systems Inc', 'award_amt': '$61,251.00'}]"
SUNY - Stony Brook - Furnish & Deliver Appliances,[],"[{'company': 'Haier US Appliance Solutions dba GE Appliances', 'bid_amount': '$77,157.00'}, {'company': 'Sam Tell and Son Inc.', 'bid_amount': '$110,351.83'}, {'company': 'Square Appliance', 'bid_amount': '$103,030.00'}]","[{'firm_name': 'Haier US Appliance Solutions', 'award_amt': '$77,157.00'}]"
SUNY - University at Buffalo - Furnish and Deliver Washers and Dryers,[],"[{'company': 'CSC Service Works', 'bid_amount': '$109,241.00'}, {'company': 'Appliance Associates', 'bid_amount': '$110,285.00'}, {'company': 'Sam Tell & Son', 'bid_amount': '$229,050.70'}]","[{'firm_name': 'CSC Serviceworks Inc.', 'award_amt': '$105,441.00'}]"
SUNY Albany Livingston Tower Refresh Project and HAZMAT Abatement,"[('The estimated construction value of this project is approximately $4', ['4'])]","[{'company': 'AOW Construction, LLC', 'bid_amount': '$3,195,580.00'}, {'company': 'Mattoon Construction Services, Inc.', 'bid_amount': '$3,624,000.00'}]","[{'firm_name': 'AOW Construction, LLC', 'award_amt': '$3,195,580.00'}]"
"SUNY Brockport Briggs, Perry, and Bramley Halls Elevators Replacement and Associated HAZMAT and Asbestos Abatement",[],"[{'company': 'Otis Elevator Company', 'bid_amount': '$1,290,000.00'}, {'company': 'Schindler Elevator Corporation', 'bid_amount': '$1,696,173.00'}]","[{'firm_name': 'Otis Elevator Company', 'award_amt': '$3,920,000.00'}]"
SUNY Buffalo Ellicott Complex – Evans Quad Roof Replacement Project Including Asbestos and Hazardous Material Abatement,"[('Construction Contract estimated at $1,400,000 to $1,500,000', ['1,400,000', '1,500,000'])]","[{'company': 'Prestige WorldwideContractors LLC', 'bid_amount': '$1,282,000.00'}, {'company': 'Elmer W. Davis, Inc.', 'bid_amount': '$1,289,998.00'}, {'company': 'Progressive Roofing Inc.', 'bid_amount': '$1,295,000.00'}, {'company': 'KS Cosntruction of NY Inc.', 'bid_amount': '$1,315,752.00'}, {'company': 'Jameson Roofing Company', 'bid_amount': '$1,432,000.00'}, {'company': 'Jos. A Sanders & Sons, Inc.', 'bid_amount': '$1,440,987.00'}, {'company': 'Titan Roofing', 'bid_amount': '$1,455,510.00'}]","[{'firm_name': 'Elmer W. Davis', 'award_amt': '$1,351,998.00'}]"
SUNY Buffalo Ellicott Complex – Fargo Quad Roof Replacement Project Including Asbestos and Hazardous Material Abatement,"[('Estimated between $1', ['1'])]","[{'company': 'Weaver Metal & Roofing, Inc.', 'bid_amount': '$1,003,000.00'}, {'company': 'Elmer W. Davis, Inc.', 'bid_amount': '$1,383,219.00'}, {'company': 'Jos. A.Sanders & Sons, Inc.', 'bid_amount': '$1,397,292.00'}, {'company': 'KS Construction of NY, Inc.', 'bid_amount': '$1,398,389.00'}, {'company': 'Jameson Roofing Company', 'bid_amount': '$1,464,936.00'}, {'company': 'Titan Roofing, Inc.', 'bid_amount': '$1,474,650.00'}, {'company': 'Prestige Worldwide Contractors', 'bid_amount': '$1,495,000.00'}]","[{'firm_name': 'Weaver Metal and Roofing Inc.', 'award_amt': '$1,073,000.00'}]"
SUNY Buffalo Ellicott Complex Masonry Repairs with Asbestos and Hazardous Material Abatement – Phase V,"[('Construction Contract estimated at $550,000 to $600,000', ['550,000', '600,000'])]","[{'company': 'Horizon Masonry Restoration Inc', 'bid_amount': '$468,690.00'}, {'company': 'Mason Construction Services Inc.', 'bid_amount': '$567,901.00'}, {'company': 'Morris Masonry Restoration LLC', 'bid_amount': '$591,555.00'}, {'company': 'Sicoli Construction Services, Inc.', 'bid_amount': '$604,700.00'}, {'company': 'Lake Side Contracting Co., Inc.', 'bid_amount': '$721,000.00'}]","[{'firm_name': 'Horizon Masonry Restoration, Inc.', 'award_amt': '$468,690.00'}]"
"SUNY Buffalo Evans Entry, Office, and Apartment Renovations Including Asbestos and HAZMAT Abatement","[('The project is estimated between $1', ['1'])]","[{'company': 'Javen Constrution Co. Inc.', 'bid_amount': '$2,199,000.00'}]","[{'firm_name': 'Javen Construction Co., Inc.', 'award_amt': '$2,199,000.00'}]"
SUNY Buffalo Fargo & Richmond Water Heater Replacement with Asbestos and HAZMAT Abatement,"[('The project is estimated between $1', ['1'])]","[{'company': 'John W. Danforth Company', 'bid_amount': '$1,078,000.00'}, {'company': 'MLP Plumbing &Mechanical Inc.', 'bid_amount': '$1,148,700.00'}]","[{'firm_name': 'John W. Danforth Company', 'award_amt': '$1,078,000.00'}]"
SUNY Buffalo Governor’s Complex Interior Upgrades and Asbestos & Hazardous Materials Removal,[],"[{'company': 'Sicoli Construction Services, Inc.', 'bid_amount': '$4,068,800.00'}, {'company': 'Javen Construction Co., Inc.', 'bid_amount': '$4,890,000.00'}, {'company': 'Call Associates Inc', 'bid_amount': '$5,000,000.00'}]","[{'firm_name': 'Javen Construction Co., Inc.', 'award_amt': '$4,890,000.00'}]"
SUNY Buffalo Spaulding Hall Main Lounge Renovations Including Asbestos and Hazardous Materials Abatement,"[('Estimated between $700,000 to $800,000A complete set of Contract Documents may be viewed and/or purchased online from Camelot Print and Copy Centers', ['700,000', '800,'])]","[{'company': 'Javen Construction Co., Inc', 'bid_amount': '$995,000.00'}, {'company': 'Call Associates Inc.', 'bid_amount': '$996,000.00'}, {'company': 'Scrufari Construction Co., LLC', 'bid_amount': '$1,000,000.00'}]","[{'firm_name': 'Javen Construction Co., Inc', 'award_amt': '$995,000.00'}]"
SUNY New Paltz Bliss Hall Bedroom Ceiling Asbestos & HAZMAT Abatement and Sprinkler System Installation,"[('The estimated construction cost for the Base Bid is between $3,300,000 and 3,600,000', ['3,300,000', '3,600,000']), ('The estimated cost for Alternate 1 is between $200,000 and 400,000', ['1', '200,000', '400,000'])]","[{'company': 'Iron Sword', 'bid_amount': '$3,240,700.00'}, {'company': 'Smac Corp.', 'bid_amount': '$3,544,000.00'}, {'company': 'Butler Construction Group Inc.', 'bid_amount': '$3,844,210.00'}, {'company': 'Condor Fire Sprinkler Co.,LLC', 'bid_amount': '$4,173,000.00'}, {'company': 'Atlantic Specialty Inc', 'bid_amount': '$4,549,000.00'}, {'company': 'East Coast Builders Group Inc.', 'bid_amount': '$4,842,205.00'}]","[{'firm_name': 'Iron Sword Enterprises LLC', 'award_amt': '$3,240,700.00'}]"
"SUNY New Paltz Bliss Hall Mechanical Upgrades, Bathroom Renovations and Associated Asbestos and Hazardous Material Abatement","[('The estimated construction cost for the Base Bid is between $6,500,000 and 7,250,000', ['6,500,000', '7,250,000'])]","[{'company': 'DiGesare Mechanical Incorporated', 'bid_amount': '$5,810,000.00'}, {'company': 'Andron Construction Corporation', 'bid_amount': '$6,099,000.00'}, {'company': 'UniMak LLC', 'bid_amount': '$6,170,000.00'}, {'company': 'Butler Construction Group, Inc.', 'bid_amount': '$6,244,210.00'}, {'company': 'Iron Sword Enterprises, LLC', 'bid_amount': '$6,248,900.00'}, {'company': 'ACS System Associates, Inc.', 'bid_amount': '$10,300,000.00'}]","[{'firm_name': 'DiGesare Mechanical, Inc.', 'award_amt': '$5,810,000.00'}]"
SUNY New Paltz New Paltz Esopus Hall Phase 3 Mold Remediation and Mechanical Upgrades – Rebid,"[('The estimated construction cost for the Base Bid is between $3,000,000 and $3,300,000', ['3,000,000', '3,300,000']), ('The estimated cost for Alternate 1 is between $200,000 and $230,000', ['1', '200,000', '230,000'])]","[{'company': 'Iron Sword Enterprises, LLC', 'bid_amount': '$1,774,000.00'}, {'company': 'ACS System Associates, Inc.', 'bid_amount': '$2,195,000.00'}, {'company': 'Butler Construction Group, Inc.', 'bid_amount': '$2,784,421.00'}]","[{'firm_name': 'Iron Sword Enterprises LLC', 'award_amt': '$3.285.000.00'}]"
SUNY Purchase Building 45 Asbestos and Hazardous Materials Abatement – Phase 8,"[('There will be one Contract awarded for the work of this Project - General Construction Contract estimated at $3,100,000', ['3,100,000'])]","[{'company': 'Green Island Group Corp.', 'bid_amount': '$2,487,600.00'}, {'company': 'Niram, Inc.', 'bid_amount': '$2,788,000.00'}, {'company': 'Jupiter Environmental Services, Inc.', 'bid_amount': '$2,876,500.00'}, {'company': 'I & A Renovation, Inc.', 'bid_amount': '$2,967,000.00'}, {'company': 'Apex Development Inc', 'bid_amount': '$3,004,000.00'}, {'company': 'Gohar Construction Corp', 'bid_amount': '$3,132,450.00'}, {'company': 'A.B.C.D. Construction Corp.', 'bid_amount': '$3,339,999.00'}, {'company': 'Vernon Construction & Development llc', 'bid_amount': '$3,824,000.00'}]","[{'firm_name': 'Green Island Group Corp.', 'award_amt': '$2,487,600.00'}]"
SUNY Purchase Building 45 Asbestos and Hazardous Materials Abatement – Phase 8A,"[('Estimated Cost Range:\xa0 $1', ['1'])]","[{'company': 'Star Construction Industries Inc', 'bid_amount': '$1,163,000.00'}, {'company': 'Apex Development Inc', 'bid_amount': '$1,230,000.00'}, {'company': 'Avenue Contracting Inc.', 'bid_amount': '$1,395,000.00'}, {'company': 'SMAC Corp.', 'bid_amount': '$1,430,000.00'}, {'company': 'JEMCO Electrical Contractors, Inc.', 'bid_amount': '$1,788,711.00'}]","[{'firm_name': 'Star Construction Industries Inc.', 'award_amt': '$1,163,000.00'}]"
SUNY Ulster County Community College Student Life Center Roof Replacement,"[('The estimated construction cost for the Base Bid is between $1,200,000 and $1,400,000', ['1,200,000', '1,400,000'])]","[{'company': 'S&L Roofing and Sheetmetal Inc.', 'bid_amount': '$1,035,900.00'}, {'company': 'Mason Construction Services Inc.', 'bid_amount': '$1,179,000.00'}, {'company': 'KS Construction on NY Inc.', 'bid_amount': '$1,213,067.00'}, {'company': 'Niko K. Construction Corp.', 'bid_amount': '$1,238,000.00'}, {'company': 'Avenue Contracting Inc.', 'bid_amount': '$1,350,000.00'}, {'company': 'Butler Construction Corp.', 'bid_amount': '$1,442,100.00'}, {'company': 'Titan Roofing Inc.', 'bid_amount': '$1,492,000.00'}, {'company': 'CFF Consulting Inc.', 'bid_amount': '$1,496,280.00'}, {'company': 'Madhu Construction Corporation', 'bid_amount': '$1,751,000.00'}, {'company': 'Precision Roofing, Inc.', 'bid_amount': '$1,985,000.00'}]","[{'firm_name': 'S&L Roofing & Sheetmetal Inc.', 'award_amt': '$1,035,900.00'}]"
SUNY Ulster County Community College Vanderlyn Hall Window Replacement and HAZMAT Abatement,"[('The estimated construction cost for the Base Bid is between $1,900,000 and $2,300,000', ['1,900,000', '2,300,000'])]","[{'company': 'MDS Construction Management, LLC.', 'bid_amount': '$1,880,016.00'}, {'company': 'Avenue Contracting Inc.', 'bid_amount': '$1,980,000.00'}, {'company': 'Iron Sword Enterprises, LLC.', 'bid_amount': '$2,270,000.00'}, {'company': 'Zerodraft of CNY Inc.', 'bid_amount': '$2,399,000.00'}, {'company': 'Nurzia Construction Corporation', 'bid_amount': '$2,486,044.00'}, {'company': 'AFI Glasss & Architectural Metal, Inc.', 'bid_amount': '$2,540,040.00'}, {'company': 'Butler Construction Group, Inc.', 'bid_amount': '$2,721,440.00'}, {'company': 'B N Restoration Inc.', 'bid_amount': '$2,997,786.00'}]","[{'firm_name': 'MDS Construction Management, LLC.', 'award_amt': '$1,880,016.00'}]"
"State University of New York, University at Buffalo Ellicott Complex Electrical Upgrades Phase 5 – Spaulding Quad Including Asbestos and Hazmat Abatement","[('The construction contract is estimated at $1,400,000 to $1,500,000', ['1,400,000', '1,500,000'])]","[{'company': 'Frey Electric Construction Co. Inc.', 'bid_amount': '$1,811,000.00'}]","[{'firm_name': 'Frey Electrical Construction Inc.', 'award_amt': '$1,811,000.00'}]"
Sunmount DDSO St. Lawrence Houses (RIT2) Roof Replacement,"[('One Construction Contract will be awarded with an estimated value of $750,000 - $900,000', ['750,000', '900,000'])]","[{'company': 'S&L Roofing & Sheetmetal, Inc.', 'bid_amount': '$477,900.00'}, {'company': 'Sparx Construction & General Contracting', 'bid_amount': '$662,315.00'}, {'company': 'Nuvista Designs General Contractors LLC', 'bid_amount': '$679,000.00'}, {'company': 'SJBS Construction Inc.', 'bid_amount': '$737,700.00'}, {'company': 'Mega Painting & Contracting Inc.', 'bid_amount': '$750,000.00'}, {'company': 'New Britain Roofing Co., Inc.', 'bid_amount': '$777,000.00'}, {'company': 'RK Best Construction Inc.', 'bid_amount': '$839,000.00'}, {'company': 'Niko K. Construction Corp.', 'bid_amount': '$935,000.00'}]","[{'firm_name': 'S & L Roofing & Sheetmetal, Inc.', 'award_amt': '$477,900.00'}]"
Term Elevator Inspection and Consulting Services,[],"[{'company': '2/16/2024', 'bid_amount': 'American Testing and Inspection Svs, LLC'}, {'company': '2/16/2024', 'bid_amount': 'Bureau Veritas National Elevator Insp Sv'}, {'company': '2/16/2024', 'bid_amount': 'Van Deusen & Associates Inc dba VDA'}, {'company': '2/16/2024', 'bid_amount': 'Vertical Systems Analysis, Inc.'}]",[]
"University at Albany Ten Eyck, Bleeker and Van Cortlandt Halls Renovations at Dutch Quad - CM Build","[('The project includes the renovation of Ten Eyck Hall into a modern welcoming residence hall located on the Dutch Quad at the University at Albany with an estimated construction value of $8,900,000', ['8,900,000'])]",[],[]
"Upstate Community Colleges - Fashion Institute of Technology - Furnish, Deliver and Install Audio-Visual Equipment",[],"[{'company': 'Edart GTI, Inc.', 'bid_amount': '$2,209,498.00'}, {'company': 'Solutionz Videoconferencing Inc.', 'bid_amount': '$2,115,747.00'}]","[{'firm_name': 'Edart GTI Inc.', 'award_amt': '$2,176,392.00'}]"
